GAME_ID,EVENTNUM,EVENTMSGTYPE,EVENTMSGACTIONTYPE,PERIOD,WCTIMESTRING,PCTIMESTRING,HOMEDESCRIPTION,NEUTRALDESCRIPTION,VISITORDESCRIPTION,SCORE,SCOREMARGIN,PERSON1TYPE,PLAYER1_ID,PLAYER1_NAME,PLAYER1_TEAM_ID,PLAYER1_TEAM_CITY,PLAYER1_TEAM_NICKNAME,PLAYER1_TEAM_ABBREVIATION,PERSON2TYPE,PLAYER2_ID,PLAYER2_NAME,PLAYER2_TEAM_ID,PLAYER2_TEAM_CITY,PLAYER2_TEAM_NICKNAME,PLAYER2_TEAM_ABBREVIATION,PERSON3TYPE,PLAYER3_ID,PLAYER3_NAME,PLAYER3_TEAM_ID,PLAYER3_TEAM_CITY,PLAYER3_TEAM_NICKNAME,PLAYER3_TEAM_ABBREVIATION,VIDEO_AVAILABLE_FLAG,video,desc,player_name
0012500070,4,10,0,1,7:11 PM,12:00,Jump Ball Bona vs. Carter Jr.: Tip to Bane,,,,,4,1641737,Adem Bona,1610612755.0,Philadelphia,76ers,PHI,5,1628976,Wendell Carter Jr.,1610612753.0,Orlando,Magic,ORL,5,1630217,Desmond Bane,1610612753.0,Orlando,Magic,ORL,1,https://videos.nba.com/nba/pbp/media/2025/10/10/0012500070/4/07e8fa1b-aedb-635c-9f8a-2c84be3e3be4_1280x720.mp4,Jump Ball Bona vs. Carter Jr.: Tip to Bane,wendell carter jr.
0012500070,21,1,79,1,7:13 PM,10:18,,,Carter Jr. 15' Pullup Jump Shot (2 PTS) (Banchero 1 AST),4 - 3,-1,5,1628976,Wendell Carter Jr.,1610612753.0,Orlando,Magic,ORL,5,1631094,Paolo Banchero,1610612753.0,Orlando,Magic,ORL,0,0,,,,,,1,https://videos.nba.com/nba/pbp/media/2025/10/10/0012500070/21/b3fbd89a-c809-1804-76c6-6e6d38bfaf5a_1280x720.mp4,Carter Jr. 15' Pullup Jump Shot (2 PTS) (Banchero 1 AST),wendell carter jr.
0012500070,23,6,2,1,7:13 PM,10:18,Bona S.FOUL (P2.T2) (C.Kirkland),,,,,4,1641737,Adem Bona,1610612755.0,Philadelphia,76ers,PHI,5,1628976,Wendell Carter Jr.,1610612753.0,Orlando,Magic,ORL,1,0,,,,,,1,https://videos.nba.com/nba/pbp/media/2025/10/10/0012500070/23/5b33b402-e186-5762-fe87-23bd461eb093_1280x720.mp4,Bona S.FOUL (P2.T2) (C.Kirkland),wendell carter jr.
0012500070,25,3,10,1,7:14 PM,10:18,,,Carter Jr. Free Throw 1 of 1 (3 PTS),5 - 3,-2,5,1628976,Wendell Carter Jr.,1610612753.0,Orlando,Magic,ORL,0,0,,,,,,0,0,,,,,,1,https://videos.nba.com/nba/pbp/media/2025/10/10/0012500070/25/a475b19e-d18c-05e9-bb4d-d46d9bd52800_1280x720.mp4,Carter Jr. Free Throw 1 of 1 (3 PTS),wendell carter jr.
0012500070,34,6,4,1,7:15 PM,9:20,Oubre Jr. OFF.Foul (P1) (G.Catanzariti),,,,,4,1626162,Kelly Oubre Jr.,1610612755.0,Philadelphia,76ers,PHI,5,1628976,Wendell Carter Jr.,1610612753.0,Orlando,Magic,ORL,1,0,,,,,,1,https://videos.nba.com/nba/pbp/media/2025/10/10/0012500070/34/e619a274-d19d-ee82-19e9-9b1f15830a10_1280x720.mp4,Oubre Jr. OFF.Foul (P1) (G.Catanzariti),wendell carter jr.
0012500070,50,4,0,1,7:17 PM,8:12,,,Carter Jr. REBOUND (Off:1 Def:0),,,5,1628976,Wendell Carter Jr.,1610612753.0,Orlando,Magic,ORL,0,0,,,,,,0,0,,,,,,1,https://videos.nba.com/nba/pbp/media/2025/10/10/0012500070/50/4f0fd372-0345-769d-72fa-c047136299e8_1280x720.mp4,Carter Jr. REBOUND (Off:1 Def:0),wendell carter jr.
0012500070,51,2,98,1,7:17 PM,8:10,Oubre Jr. BLOCK (1 BLK),,MISS Carter Jr. 4' Cutting Layup Shot,,,5,1628976,Wendell Carter Jr.,1610612753.0,Orlando,Magic,ORL,0,0,,,,,,4,1626162,Kelly Oubre Jr.,1610612755.0,Philadelphia,76ers,PHI,1,https://videos.nba.com/nba/pbp/media/2025/10/10/0012500070/51/44372e49-5f16-da96-64d5-6f84bc982bf0_1280x720.mp4,MISS Carter Jr. 4' Cutting Layup Shot Oubre Jr. BLOCK (1 BLK),wendell carter jr.
0012500070,71,6,2,1,7:22 PM,7:01,Barlow S.FOUL (P1.T3) (G.Catanzariti),,,,,4,1631230,Dominick Barlow,1610612755.0,Philadelphia,76ers,PHI,5,1628976,Wendell Carter Jr.,1610612753.0,Orlando,Magic,ORL,1,0,,,,,,1,https://videos.nba.com/nba/pbp/media/2025/10/10/0012500070/71/7e6936d9-b8c7-6cc4-a81e-20f09a54d1d9_1280x720.mp4,Barlow S.FOUL (P1.T3) (G.Catanzariti),wendell carter jr.
0012500070,73,3,11,1,7:22 PM,7:01,,,Carter Jr. Free Throw 1 of 2 (4 PTS),8 - 13,5,5,1628976,Wendell Carter Jr.,1610612753.0,Orlando,Magic,ORL,0,0,,,,,,0,0,,,,,,1,https://videos.nba.com/nba/pbp/media/2025/10/10/0012500070/73/64898419-05ee-2e93-e195-de9239c71a60_1280x720.mp4,Carter Jr. Free Throw 1 of 2 (4 PTS),wendell carter jr.
0012500070,80,3,12,1,7:23 PM,7:01,,,Carter Jr. Free Throw 2 of 2 (5 PTS),9 - 13,4,5,1628976,Wendell Carter Jr.,1610612753.0,Orlando,Magic,ORL,0,0,,,,,,0,0,,,,,,1,https://videos.nba.com/nba/pbp/media/2025/10/10/0012500070/80/42693bb1-c2ef-18f6-560a-510c818e1a4f_1280x720.mp4,Carter Jr. Free Throw 2 of 2 (5 PTS),wendell carter jr.
0012500070,85,1,1,1,7:23 PM,6:30,,,Carter Jr. 15' Jump Shot (7 PTS) (Jones 1 AST),11 - 16,5,5,1628976,Wendell Carter Jr.,1610612753.0,Orlando,Magic,ORL,5,1626145,Tyus Jones,1610612753.0,Orlando,Magic,ORL,0,0,,,,,,1,https://videos.nba.com/nba/pbp/media/2025/10/10/0012500070/85/1517430b-5ca7-7afb-7c46-5fbbab51ba40_1280x720.mp4,Carter Jr. 15' Jump Shot (7 PTS) (Jones 1 AST),wendell carter jr.
0012500070,93,4,0,1,7:24 PM,5:45,,,Carter Jr. REBOUND (Off:2 Def:0),,,5,1628976,Wendell Carter Jr.,1610612753.0,Orlando,Magic,ORL,0,0,,,,,,0,0,,,,,,1,https://videos.nba.com/nba/pbp/media/2025/10/10/0012500070/93/67e0a94d-4301-7e22-8e64-2057f8d41c40_1280x720.mp4,Carter Jr. REBOUND (Off:2 Def:0),wendell carter jr.
0012500070,94,1,72,1,7:24 PM,5:43,,,Carter Jr. 2' Putback Layup (9 PTS),13 - 16,3,5,1628976,Wendell Carter Jr.,1610612753.0,Orlando,Magic,ORL,0,0,,,,,,0,0,,,,,,1,https://videos.nba.com/nba/pbp/media/2025/10/10/0012500070/94/9d56e91e-747d-9f9f-0b69-df5fec7dc3ba_1280x720.mp4,Carter Jr. 2' Putback Layup (9 PTS),wendell carter jr.
0012500070,97,6,2,1,7:24 PM,5:26,,,Carter Jr. S.FOUL (P1.T2) (G.Catanzariti),,,5,1628976,Wendell Carter Jr.,1610612753.0,Orlando,Magic,ORL,4,1631230,Dominick Barlow,1610612755.0,Philadelphia,76ers,PHI,1,0,,,,,,1,https://videos.nba.com/nba/pbp/media/2025/10/10/0012500070/97/82a9a38a-8268-8838-9765-c8a91f60fe5e_1280x720.mp4,Carter Jr. S.FOUL (P1.T2) (G.Catanzariti),wendell carter jr.
0012500070,110,4,0,1,7:29 PM,4:52,,,Carter Jr. REBOUND (Off:3 Def:0),,,5,1628976,Wendell Carter Jr.,1610612753.0,Orlando,Magic,ORL,0,0,,,,,,0,0,,,,,,1,https://videos.nba.com/nba/pbp/media/2025/10/10/0012500070/110/4db5849d-a42e-d0c4-5531-5ff019b626bd_1280x720.mp4,Carter Jr. REBOUND (Off:3 Def:0),wendell carter jr.
0012500070,111,1,7,1,7:29 PM,4:51,,,Banchero 1' Dunk (2 PTS) (Carter Jr. 1 AST),15 - 17,2,5,1631094,Paolo Banchero,1610612753.0,Orlando,Magic,ORL,5,1628976,Wendell Carter Jr.,1610612753.0,Orlando,Magic,ORL,0,0,,,,,,1,https://videos.nba.com/nba/pbp/media/2025/10/10/0012500070/111/af43bf50-9030-c6ef-c103-00b150ce4330_1280x720.mp4,Banchero 1' Dunk (2 PTS) (Carter Jr. 1 AST),wendell carter jr.
0012500070,125,4,0,1,7:30 PM,3:59,,,Carter Jr. REBOUND (Off:3 Def:1),,,5,1628976,Wendell Carter Jr.,1610612753.0,Orlando,Magic,ORL,0,0,,,,,,0,0,,,,,,1,https://videos.nba.com/nba/pbp/media/2025/10/10/0012500070/125/a60be9dc-4495-ca69-e7e8-60a50a32b0be_1280x720.mp4,Carter Jr. REBOUND (Off:3 Def:1),wendell carter jr.
0012500070,126,1,79,1,7:31 PM,3:49,,,Richardson 15' Pullup Jump Shot (2 PTS) (Carter Jr. 2 AST),19 - 17,-2,5,1642859,Jase Richardson,1610612753.0,Orlando,Magic,ORL,5,1628976,Wendell Carter Jr.,1610612753.0,Orlando,Magic,ORL,0,0,,,,,,1,https://videos.nba.com/nba/pbp/media/2025/10/10/0012500070/126/9ad39a80-792b-b6a0-6b97-1ed266b242a0_1280x720.mp4,Richardson 15' Pullup Jump Shot (2 PTS) (Carter Jr. 2 AST),wendell carter jr.
0012500070,133,8,0,1,7:31 PM,3:37,,,SUB: Bitadze FOR Carter Jr.,,,5,1628976,Wendell Carter Jr.,1610612753.0,Orlando,Magic,ORL,5,1629048,Goga Bitadze,1610612753.0,Orlando,Magic,ORL,0,0,,,,,,0,,,wendell carter jr.
0012500070,397,8,0,2,8:00 PM,5:46,,,SUB: Carter Jr. FOR Bitadze,,,5,1629048,Goga Bitadze,1610612753.0,Orlando,Magic,ORL,5,1628976,Wendell Carter Jr.,1610612753.0,Orlando,Magic,ORL,0,0,,,,,,0,,,wendell carter jr.
0012500070,298,4,0,2,8:01 PM,5:17,,,Carter Jr. REBOUND (Off:3 Def:2),,,5,1628976,Wendell Carter Jr.,1610612753.0,Orlando,Magic,ORL,0,0,,,,,,0,0,,,,,,1,https://videos.nba.com/nba/pbp/media/2025/10/10/0012500070/298/fd29a767-29f8-e5e6-4847-a9fcdbc70ef9_1280x720.mp4,Carter Jr. REBOUND (Off:3 Def:2),wendell carter jr.
0012500070,299,1,75,2,8:01 PM,5:05,,,Bane 1' Driving Finger Roll Layup (4 PTS) (Carter Jr. 3 AST),52 - 46,-6,5,1630217,Desmond Bane,1610612753.0,Orlando,Magic,ORL,5,1628976,Wendell Carter Jr.,1610612753.0,Orlando,Magic,ORL,0,0,,,,,,1,https://videos.nba.com/nba/pbp/media/2025/10/10/0012500070/299/2ae5bf04-0e26-536d-7e23-2bbb3c3c16de_1280x720.mp4,Bane 1' Driving Finger Roll Layup (4 PTS) (Carter Jr. 3 AST),wendell carter jr.
0012500070,323,6,3,2,8:04 PM,3:36,,,Carter Jr. L.B.FOUL (P2.PN) (G.Catanzariti),,,5,1628976,Wendell Carter Jr.,1610612753.0,Orlando,Magic,ORL,4,1631230,Dominick Barlow,1610612755.0,Philadelphia,76ers,PHI,1,0,,,,,,1,https://videos.nba.com/nba/pbp/media/2025/10/10/0012500070/323/02a9a42a-ee81-5318-a354-ad7dddb5b649_1280x720.mp4,Carter Jr. L.B.FOUL (P2.PN) (G.Catanzariti),wendell carter jr.
0012500070,332,1,79,2,8:06 PM,3:13,,,Carter Jr. 11' Pullup Jump Shot (11 PTS),57 - 55,-2,5,1628976,Wendell Carter Jr.,1610612753.0,Orlando,Magic,ORL,0,0,,,,,,0,0,,,,,,1,https://videos.nba.com/nba/pbp/media/2025/10/10/0012500070/332/99ee0322-a4d2-7f26-c65e-9c18330c3efb_1280x720.mp4,Carter Jr. 11' Pullup Jump Shot (11 PTS),wendell carter jr.
0012500070,335,6,2,2,8:06 PM,2:33,,,Carter Jr. S.FOUL (P3.PN) (C.Kirkland),,,5,1628976,Wendell Carter Jr.,1610612753.0,Orlando,Magic,ORL,4,1631230,Dominick Barlow,1610612755.0,Philadelphia,76ers,PHI,1,0,,,,,,1,https://videos.nba.com/nba/pbp/media/2025/10/10/0012500070/335/b21589d9-701f-82e5-2445-afb61d84a742_1280x720.mp4,Carter Jr. S.FOUL (P3.PN) (C.Kirkland),wendell carter jr.
0012500070,361,4,0,2,8:13 PM,1:19,,,Carter Jr. REBOUND (Off:3 Def:3),,,5,1628976,Wendell Carter Jr.,1610612753.0,Orlando,Magic,ORL,0,0,,,,,,0,0,,,,,,1,https://videos.nba.com/nba/pbp/media/2025/10/10/0012500070/361/1e410613-484a-b66d-d7a4-65e7c10d0307_1280x720.mp4,Carter Jr. REBOUND (Off:3 Def:3),wendell carter jr.
0012500070,401,4,0,2,8:13 PM,1:09,,,Carter Jr. REBOUND (Off:4 Def:3),,,5,1628976,Wendell Carter Jr.,1610612753.0,Orlando,Magic,ORL,0,0,,,,,,0,0,,,,,,1,https://videos.nba.com/nba/pbp/media/2025/10/10/0012500070/401/d2a74d44-a205-0cdb-1238-0bef6fb05243_1280x720.mp4,Carter Jr. REBOUND (Off:4 Def:3),wendell carter jr.
0012500070,364,6,1,2,8:13 PM,1:08,Oubre Jr. P.FOUL (P3.PN) (C.Kirkland),,,,,4,1626162,Kelly Oubre Jr.,1610612755.0,Philadelphia,76ers,PHI,5,1628976,Wendell Carter Jr.,1610612753.0,Orlando,Magic,ORL,1,0,,,,,,1,https://videos.nba.com/nba/pbp/media/2025/10/10/0012500070/364/294a44d8-06d9-cd03-7bff-2d53e404707b_1280x720.mp4,Oubre Jr. P.FOUL (P3.PN) (C.Kirkland),wendell carter jr.
0012500070,366,3,11,2,8:14 PM,1:08,,,MISS Carter Jr. Free Throw 1 of 2,,,5,1628976,Wendell Carter Jr.,1610612753.0,Orlando,Magic,ORL,0,0,,,,,,0,0,,,,,,1,https://videos.nba.com/nba/pbp/media/2025/10/10/0012500070/366/03ab47d4-fc2e-f06a-460b-89d53d183d5d_1280x720.mp4,MISS Carter Jr. Free Throw 1 of 2,wendell carter jr.
0012500070,368,3,12,2,8:14 PM,1:08,,,Carter Jr. Free Throw 2 of 2 (12 PTS),62 - 59,-3,5,1628976,Wendell Carter Jr.,1610612753.0,Orlando,Magic,ORL,0,0,,,,,,0,0,,,,,,1,https://videos.nba.com/nba/pbp/media/2025/10/10/0012500070/368/e664acdb-2db9-dba0-7002-d46bcc19521b_1280x720.mp4,Carter Jr. Free Throw 2 of 2 (12 PTS),wendell carter jr.
0012500070,371,4,0,2,8:14 PM,0:50,,,Carter Jr. REBOUND (Off:4 Def:4),,,5,1628976,Wendell Carter Jr.,1610612753.0,Orlando,Magic,ORL,0,0,,,,,,0,0,,,,,,1,https://videos.nba.com/nba/pbp/media/2025/10/10/0012500070/371/eaa152fc-84c4-b0b9-7ac5-02cb37a7a45b_1280x720.mp4,Carter Jr. REBOUND (Off:4 Def:4),wendell carter jr.
0012500070,372,5,1,2,8:14 PM,0:50,Chandler STEAL (3 STL),,Carter Jr. Bad Pass Turnover (P1.T9),,,5,1628976,Wendell Carter Jr.,1610612753.0,Orlando,Magic,ORL,4,1631113,Kennedy Chandler,1610612755.0,Philadelphia,76ers,PHI,0,0,,,,,,1,https://videos.nba.com/nba/pbp/media/2025/10/10/0012500070/372/596f3e5f-28c6-306d-0655-7417b3cfa83b_1280x720.mp4,Carter Jr. Bad Pass Turnover (P1.T9) Chandler STEAL (3 STL),wendell carter jr.
0012500070,375,6,2,2,8:14 PM,0:46,Edwards S.FOUL (P3.PN) (G.Catanzariti),,,,,4,1642348,Justin Edwards,1610612755.0,Philadelphia,76ers,PHI,5,1628976,Wendell Carter Jr.,1610612753.0,Orlando,Magic,ORL,1,0,,,,,,1,https://videos.nba.com/nba/pbp/media/2025/10/10/0012500070/375/ffd57013-7f3e-00d9-5441-680437904578_1280x720.mp4,Edwards S.FOUL (P3.PN) (G.Catanzariti),wendell carter jr.
0012500070,377,3,11,2,8:15 PM,0:46,,,Carter Jr. Free Throw 1 of 2 (13 PTS),63 - 61,-2,5,1628976,Wendell Carter Jr.,1610612753.0,Orlando,Magic,ORL,0,0,,,,,,0,0,,,,,,1,https://videos.nba.com/nba/pbp/media/2025/10/10/0012500070/377/1350b5b7-45b2-f5ab-13c7-c66481f403d7_1280x720.mp4,Carter Jr. Free Throw 1 of 2 (13 PTS),wendell carter jr.
0012500070,378,3,12,2,8:15 PM,0:46,,,Carter Jr. Free Throw 2 of 2 (14 PTS),64 - 61,-3,5,1628976,Wendell Carter Jr.,1610612753.0,Orlando,Magic,ORL,0,0,,,,,,0,0,,,,,,1,https://videos.nba.com/nba/pbp/media/2025/10/10/0012500070/378/2c0c950a-2ade-6d63-f67d-2533d9d19e70_1280x720.mp4,Carter Jr. Free Throw 2 of 2 (14 PTS),wendell carter jr.
0012500070,412,1,3,3,8:33 PM,11:27,,,Carter Jr. 2' Hook Shot (16 PTS) (Banchero 2 AST),68 - 66,-2,5,1628976,Wendell Carter Jr.,1610612753.0,Orlando,Magic,ORL,5,1631094,Paolo Banchero,1610612753.0,Orlando,Magic,ORL,0,0,,,,,,1,https://videos.nba.com/nba/pbp/media/2025/10/10/0012500070/412/377b169e-c2dd-11c1-1eda-5c118399001b_1280x720.mp4,Carter Jr. 2' Hook Shot (16 PTS) (Banchero 2 AST),wendell carter jr.
0012500070,416,2,2,3,8:34 PM,11:00,,,MISS Carter Jr. 27' 3PT Running Jump Shot,,,5,1628976,Wendell Carter Jr.,1610612753.0,Orlando,Magic,ORL,0,0,,,,,,0,0,,,,,,1,https://videos.nba.com/nba/pbp/media/2025/10/10/0012500070/416/91ae5e3c-31d9-eaad-1125-48ada5a1a7a6_1280x720.mp4,MISS Carter Jr. 27' 3PT Running Jump Shot,wendell carter jr.
0012500070,420,4,0,3,8:34 PM,10:31,,,Carter Jr. REBOUND (Off:4 Def:5),,,5,1628976,Wendell Carter Jr.,1610612753.0,Orlando,Magic,ORL,0,0,,,,,,0,0,,,,,,1,https://videos.nba.com/nba/pbp/media/2025/10/10/0012500070/420/60df6a94-2e73-6738-9a88-ca404c497033_1280x720.mp4,Carter Jr. REBOUND (Off:4 Def:5),wendell carter jr.
0012500070,445,4,0,3,8:38 PM,8:29,,,Carter Jr. REBOUND (Off:5 Def:5),,,5,1628976,Wendell Carter Jr.,1610612753.0,Orlando,Magic,ORL,0,0,,,,,,0,0,,,,,,1,https://videos.nba.com/nba/pbp/media/2025/10/10/0012500070/445/07e0365a-6893-7473-71ba-ff27d2036c97_1280x720.mp4,Carter Jr. REBOUND (Off:5 Def:5),wendell carter jr.
0012500070,446,6,2,3,8:38 PM,8:29,Barlow S.FOUL (P4.T2) (M.Kogut),,,,,4,1631230,Dominick Barlow,1610612755.0,Philadelphia,76ers,PHI,5,1628976,Wendell Carter Jr.,1610612753.0,Orlando,Magic,ORL,1,0,,,,,,1,https://videos.nba.com/nba/pbp/media/2025/10/10/0012500070/446/c3f56a74-0eb2-417f-3ebf-3422d3176f82_1280x720.mp4,Barlow S.FOUL (P4.T2) (M.Kogut),wendell carter jr.
0012500070,448,3,11,3,8:38 PM,8:29,,,Carter Jr. Free Throw 1 of 2 (17 PTS),73 - 72,-1,5,1628976,Wendell Carter Jr.,1610612753.0,Orlando,Magic,ORL,0,0,,,,,,0,0,,,,,,1,https://videos.nba.com/nba/pbp/media/2025/10/10/0012500070/448/1b121835-a074-e00f-6a54-dbb02ca7c16f_1280x720.mp4,Carter Jr. Free Throw 1 of 2 (17 PTS),wendell carter jr.
0012500070,449,3,12,3,8:39 PM,8:29,,,Carter Jr. Free Throw 2 of 2 (18 PTS),74 - 72,-2,5,1628976,Wendell Carter Jr.,1610612753.0,Orlando,Magic,ORL,0,0,,,,,,0,0,,,,,,1,https://videos.nba.com/nba/pbp/media/2025/10/10/0012500070/449/f5b4e64e-b305-9739-9488-c6b5e3602066_1280x720.mp4,Carter Jr. Free Throw 2 of 2 (18 PTS),wendell carter jr.
0012500070,463,4,0,3,8:43 PM,6:51,,,Carter Jr. REBOUND (Off:5 Def:6),,,5,1628976,Wendell Carter Jr.,1610612753.0,Orlando,Magic,ORL,0,0,,,,,,0,0,,,,,,1,https://videos.nba.com/nba/pbp/media/2025/10/10/0012500070/463/6fb39b14-fbe2-9232-849a-71e90003f647_1280x720.mp4,Carter Jr. REBOUND (Off:5 Def:6),wendell carter jr.
0012500070,472,1,97,3,8:45 PM,5:53,,,Carter Jr. Tip Layup Shot (20 PTS),81 - 76,-5,5,1628976,Wendell Carter Jr.,1610612753.0,Orlando,Magic,ORL,0,0,,,,,,0,0,,,,,,1,https://videos.nba.com/nba/pbp/media/2025/10/10/0012500070/472/c4b5191f-d58a-2a40-02f6-5cc6b357d3e3_1280x720.mp4,Carter Jr. Tip Layup Shot (20 PTS),wendell carter jr.
0012500070,471,4,0,3,8:45 PM,5:53,,,Carter Jr. REBOUND (Off:6 Def:6),,,5,1628976,Wendell Carter Jr.,1610612753.0,Orlando,Magic,ORL,0,0,,,,,,0,0,,,,,,1,https://videos.nba.com/nba/pbp/media/2025/10/10/0012500070/471/26e0b522-73ae-661a-7853-99c74aec3141_1280x720.mp4,Carter Jr. REBOUND (Off:6 Def:6),wendell carter jr.
0012500070,478,4,0,3,8:45 PM,5:32,,,Carter Jr. REBOUND (Off:6 Def:7),,,5,1628976,Wendell Carter Jr.,1610612753.0,Orlando,Magic,ORL,0,0,,,,,,0,0,,,,,,1,https://videos.nba.com/nba/pbp/media/2025/10/10/0012500070/478/ca61251e-b7ef-3c29-7697-d70a47e176a3_1280x720.mp4,Carter Jr. REBOUND (Off:6 Def:7),wendell carter jr.
0012500070,484,8,0,3,8:45 PM,5:32,,,SUB: Bitadze FOR Carter Jr.,,,5,1628976,Wendell Carter Jr.,1610612753.0,Orlando,Magic,ORL,5,1629048,Goga Bitadze,1610612753.0,Orlando,Magic,ORL,0,0,,,,,,0,,,wendell carter jr.
0012500045,4,10,0,1,8:13 PM,12:00,Jump Ball Wembanyama vs. Nurkic: Tip to Vassell,,,,,4,1641705,Victor Wembanyama,1610612759.0,San Antonio,Spurs,SAS,5,203994,Jusuf Nurkić,1610612762.0,Utah,Jazz,UTA,4,1630170,Devin Vassell,1610612759.0,San Antonio,Spurs,SAS,1,https://videos.nba.com/nba/pbp/media/2025/10/10/0012500045/4/f7b654f4-c1ad-7876-6a93-aa0312a41c7f_1280x720.mp4,Jump Ball Wembanyama vs. Nurkic: Tip to Vassell,victor wembanyama
0012500045,7,1,66,1,8:13 PM,11:45,Wembanyama 26' 3PT Jump Bank Shot (3 PTS) (Vassell 1 AST),,,0 - 3,3,4,1641705,Victor Wembanyama,1610612759.0,San Antonio,Spurs,SAS,4,1630170,Devin Vassell,1610612759.0,San Antonio,Spurs,SAS,0,0,,,,,,1,https://videos.nba.com/nba/pbp/media/2025/10/10/0012500045/7/45b22879-a67e-53f4-8ae3-10ba7c46c1d8_1280x720.mp4,Wembanyama 26' 3PT Jump Bank Shot (3 PTS) (Vassell 1 AST),victor wembanyama
0012500045,11,1,6,1,8:13 PM,11:11,Wembanyama 4' Driving Layup (5 PTS),,,2 - 5,3,4,1641705,Victor Wembanyama,1610612759.0,San Antonio,Spurs,SAS,0,0,,,,,,0,0,,,,,,1,https://videos.nba.com/nba/pbp/media/2025/10/10/0012500045/11/5278d00e-2bcf-a537-9bf4-252c7b9f9464_1280x720.mp4,Wembanyama 4' Driving Layup (5 PTS),victor wembanyama
0012500045,14,1,1,1,8:14 PM,10:34,Vassell 27' 3PT Jump Shot (3 PTS) (Wembanyama 1 AST),,,5 - 8,3,4,1630170,Devin Vassell,1610612759.0,San Antonio,Spurs,SAS,4,1641705,Victor Wembanyama,1610612759.0,San Antonio,Spurs,SAS,0,0,,,,,,1,https://videos.nba.com/nba/pbp/media/2025/10/10/0012500045/14/304583ad-c1f4-cb81-4457-62334f8aff0e_1280x720.mp4,Vassell 27' 3PT Jump Shot (3 PTS) (Wembanyama 1 AST),victor wembanyama
0012500045,21,4,0,1,8:15 PM,9:49,Wembanyama REBOUND (Off:0 Def:1),,,,,4,1641705,Victor Wembanyama,1610612759.0,San Antonio,Spurs,SAS,0,0,,,,,,0,0,,,,,,1,https://videos.nba.com/nba/pbp/media/2025/10/10/0012500045/21/e5e93451-9cab-d2fd-a69e-89e9ab6344d4_1280x720.mp4,Wembanyama REBOUND (Off:0 Def:1),victor wembanyama
0012500045,27,5,45,1,8:16 PM,9:11,Wembanyama Out of Bounds - Bad Pass Turnover Turnover (P1.T1),,,,,4,1641705,Victor Wembanyama,1610612759.0,San Antonio,Spurs,SAS,0,0,,,,,,1,0,,,,,,1,https://videos.nba.com/nba/pbp/media/2025/10/10/0012500045/27/69e39e49-af88-4827-4e24-1d7ba3fbe4c8_1280x720.mp4,Wembanyama Out of Bounds - Bad Pass Turnover Turnover (P1.T1),victor wembanyama
0012500045,29,4,0,1,8:16 PM,8:51,Wembanyama REBOUND (Off:0 Def:2),,,,,4,1641705,Victor Wembanyama,1610612759.0,San Antonio,Spurs,SAS,0,0,,,,,,0,0,,,,,,1,https://videos.nba.com/nba/pbp/media/2025/10/10/0012500045/29/3d182ec7-171f-8fd0-e785-b34e1a942117_1280x720.mp4,Wembanyama REBOUND (Off:0 Def:2),victor wembanyama
0012500045,30,2,79,1,8:16 PM,8:37,MISS Wembanyama 13' Pullup Jump Shot,,,,,4,1641705,Victor Wembanyama,1610612759.0,San Antonio,Spurs,SAS,0,0,,,,,,0,0,,,,,,1,https://videos.nba.com/nba/pbp/media/2025/10/10/0012500045/30/590fba75-4e73-7d18-acae-25a61382fe2d_1280x720.mp4,MISS Wembanyama 13' Pullup Jump Shot,victor wembanyama
0012500045,38,2,80,1,8:18 PM,7:21,MISS Wembanyama 26' 3PT Step Back Jump Shot,,,,,4,1641705,Victor Wembanyama,1610612759.0,San Antonio,Spurs,SAS,0,0,,,,,,0,0,,,,,,1,https://videos.nba.com/nba/pbp/media/2025/10/10/0012500045/38/118512d7-986d-4f23-6194-5f843d8221b1_1280x720.mp4,MISS Wembanyama 26' 3PT Step Back Jump Shot,victor wembanyama
0012500045,42,8,0,1,8:18 PM,7:19,SUB: Kornet FOR Wembanyama,,,,,4,1641705,Victor Wembanyama,1610612759.0,San Antonio,Spurs,SAS,4,1628436,Luke Kornet,1610612759.0,San Antonio,Spurs,SAS,0,0,,,,,,0,,,victor wembanyama
0012500045,108,8,0,1,8:32 PM,3:02,SUB: Wembanyama FOR Johnson,,,,,4,1629640,Keldon Johnson,1610612759.0,San Antonio,Spurs,SAS,4,1641705,Victor Wembanyama,1610612759.0,San Antonio,Spurs,SAS,0,0,,,,,,0,,,victor wembanyama
0012500045,118,6,2,1,8:34 PM,2:15,Wembanyama S.FOUL (P1.T2) (N.Cearley),,,,,4,1641705,Victor Wembanyama,1610612759.0,San Antonio,Spurs,SAS,5,1641729,Brice Sensabaugh,1610612762.0,Utah,Jazz,UTA,1,0,,,,,,1,https://videos.nba.com/nba/pbp/media/2025/10/10/0012500045/118/4ca5484b-b219-6bf8-ccd8-677cc00bd2c0_1280x720.mp4,Wembanyama S.FOUL (P1.T2) (N.Cearley),victor wembanyama
0012500045,127,6,1,1,8:36 PM,1:46,,,Anderson P.FOUL (P1.T3) (B.Schwab),,,5,203937,Kyle Anderson,1610612762.0,Utah,Jazz,UTA,4,1641705,Victor Wembanyama,1610612759.0,San Antonio,Spurs,SAS,1,0,,,,,,1,https://videos.nba.com/nba/pbp/media/2025/10/10/0012500045/127/795180f1-a593-ced0-34e2-9af21fc2c206_1280x720.mp4,Anderson P.FOUL (P1.T3) (B.Schwab),victor wembanyama
0012500045,130,1,80,1,8:37 PM,1:32,Harper 9' Step Back Jump Shot (6 PTS) (Wembanyama 2 AST),,,27 - 27,TIE,4,1642844,Dylan Harper,1610612759.0,San Antonio,Spurs,SAS,4,1641705,Victor Wembanyama,1610612759.0,San Antonio,Spurs,SAS,0,0,,,,,,1,https://videos.nba.com/nba/pbp/media/2025/10/10/0012500045/130/cff0ee38-380f-774b-667c-b8a253df7f4e_1280x720.mp4,Harper 9' Step Back Jump Shot (6 PTS) (Wembanyama 2 AST),victor wembanyama
0012500045,133,4,0,1,8:38 PM,1:08,Wembanyama REBOUND (Off:0 Def:3),,,,,4,1641705,Victor Wembanyama,1610612759.0,San Antonio,Spurs,SAS,0,0,,,,,,0,0,,,,,,1,https://videos.nba.com/nba/pbp/media/2025/10/10/0012500045/133/ef134e67-f928-4d25-23c6-41f734aac059_1280x720.mp4,Wembanyama REBOUND (Off:0 Def:3),victor wembanyama
0012500045,134,6,1,1,8:38 PM,1:05,,,Bailey P.FOUL (P1.PN) (R.Acosta),,,5,1642846,Ace Bailey,1610612762.0,Utah,Jazz,UTA,4,1641705,Victor Wembanyama,1610612759.0,San Antonio,Spurs,SAS,1,0,,,,,,1,https://videos.nba.com/nba/pbp/media/2025/10/10/0012500045/134/1ecb848a-d0b5-682b-b511-3329f22022c3_1280x720.mp4,Bailey P.FOUL (P1.PN) (R.Acosta),victor wembanyama
0012500045,136,3,11,1,8:38 PM,1:05,Wembanyama Free Throw 1 of 2 (6 PTS),,,27 - 28,1,4,1641705,Victor Wembanyama,1610612759.0,San Antonio,Spurs,SAS,0,0,,,,,,0,0,,,,,,1,https://videos.nba.com/nba/pbp/media/2025/10/10/0012500045/136/db4a54df-0bc5-d44c-473a-5110d2969a45_1280x720.mp4,Wembanyama Free Throw 1 of 2 (6 PTS),victor wembanyama
0012500045,137,3,12,1,8:38 PM,1:05,Wembanyama Free Throw 2 of 2 (7 PTS),,,27 - 29,2,4,1641705,Victor Wembanyama,1610612759.0,San Antonio,Spurs,SAS,0,0,,,,,,0,0,,,,,,1,https://videos.nba.com/nba/pbp/media/2025/10/10/0012500045/137/a8a601b5-4f61-b9de-ccf1-4233569e90a4_1280x720.mp4,Wembanyama Free Throw 2 of 2 (7 PTS),victor wembanyama
0012500045,140,1,106,1,8:39 PM,0:44,Wembanyama 1' Running Alley Oop Dunk Shot (9 PTS) (Harper 2 AST),,,27 - 31,4,4,1641705,Victor Wembanyama,1610612759.0,San Antonio,Spurs,SAS,4,1642844,Dylan Harper,1610612759.0,San Antonio,Spurs,SAS,0,0,,,,,,1,https://videos.nba.com/nba/pbp/media/2025/10/10/0012500045/140/58150d04-ddb5-a6ac-0bcb-aae774b3bb5c_1280x720.mp4,Wembanyama 1' Running Alley Oop Dunk Shot (9 PTS) (Harper 2 AST),victor wembanyama
0012500045,142,6,2,1,8:39 PM,0:44,,,Love S.FOUL (P2.PN) (N.Cearley),,,5,201567,Kevin Love,1610612762.0,Utah,Jazz,UTA,4,1641705,Victor Wembanyama,1610612759.0,San Antonio,Spurs,SAS,1,0,,,,,,1,https://videos.nba.com/nba/pbp/media/2025/10/10/0012500045/142/4e52720f-71f1-d279-294a-0e3fbfab7342_1280x720.mp4,Love S.FOUL (P2.PN) (N.Cearley),victor wembanyama
0012500045,144,3,10,1,8:40 PM,0:44,Wembanyama Free Throw 1 of 1 (10 PTS),,,27 - 32,5,4,1641705,Victor Wembanyama,1610612759.0,San Antonio,Spurs,SAS,0,0,,,,,,0,0,,,,,,1,https://videos.nba.com/nba/pbp/media/2025/10/10/0012500045/144/e833c812-669d-c824-07c3-ce433e50c3be_1280x720.mp4,Wembanyama Free Throw 1 of 1 (10 PTS),victor wembanyama
0012500045,172,1,79,2,8:46 PM,11:21,Vassell 27' 3PT Pullup Jump Shot (10 PTS) (Wembanyama 3 AST),,,35 - 37,2,4,1630170,Devin Vassell,1610612759.0,San Antonio,Spurs,SAS,4,1641705,Victor Wembanyama,1610612759.0,San Antonio,Spurs,SAS,0,0,,,,,,1,https://videos.nba.com/nba/pbp/media/2025/10/10/0012500045/172/7620eb6f-a2b7-6631-c874-5b18bf864179_1280x720.mp4,Vassell 27' 3PT Pullup Jump Shot (10 PTS) (Wembanyama 3 AST),victor wembanyama
0012500045,198,2,1,2,8:53 PM,8:56,MISS Wembanyama 27' 3PT Jump Shot,,,,,4,1641705,Victor Wembanyama,1610612759.0,San Antonio,Spurs,SAS,0,0,,,,,,0,0,,,,,,1,https://videos.nba.com/nba/pbp/media/2025/10/10/0012500045/198/9e99444b-674d-2a4f-fff6-8f52709d9ed0_1280x720.mp4,MISS Wembanyama 27' 3PT Jump Shot,victor wembanyama
0012500045,199,4,0,2,8:53 PM,8:49,Wembanyama REBOUND (Off:1 Def:3),,,,,4,1641705,Victor Wembanyama,1610612759.0,San Antonio,Spurs,SAS,0,0,,,,,,0,0,,,,,,1,https://videos.nba.com/nba/pbp/media/2025/10/10/0012500045/199/69517695-773f-1294-1516-9fa0bb3be2f6_1280x720.mp4,Wembanyama REBOUND (Off:1 Def:3),victor wembanyama
0012500045,200,2,1,2,8:53 PM,8:49,MISS Wembanyama 25' 3PT Jump Shot,,,,,4,1641705,Victor Wembanyama,1610612759.0,San Antonio,Spurs,SAS,0,0,,,,,,0,0,,,,,,1,https://videos.nba.com/nba/pbp/media/2025/10/10/0012500045/200/d699729d-d77b-9be1-5d7e-59d9b26ba1e9_1280x720.mp4,MISS Wembanyama 25' 3PT Jump Shot,victor wembanyama
0012500045,202,1,108,2,8:53 PM,8:36,Wembanyama 2' Cutting Dunk Shot (12 PTS) (Champagnie 1 AST),,,44 - 43,-1,4,1641705,Victor Wembanyama,1610612759.0,San Antonio,Spurs,SAS,4,1630577,Julian Champagnie,1610612759.0,San Antonio,Spurs,SAS,0,0,,,,,,1,https://videos.nba.com/nba/pbp/media/2025/10/10/0012500045/202/3bc9176a-3204-70e7-ea95-7f632c08e68e_1280x720.mp4,Wembanyama 2' Cutting Dunk Shot (12 PTS) (Champagnie 1 AST),victor wembanyama
0012500045,209,8,0,2,8:54 PM,8:07,SUB: Barnes FOR Wembanyama,,,,,4,1641705,Victor Wembanyama,1610612759.0,San Antonio,Spurs,SAS,4,203084,Harrison Barnes,1610612759.0,San Antonio,Spurs,SAS,0,0,,,,,,0,,,victor wembanyama
0012500045,279,8,0,2,9:03 PM,4:05,SUB: Wembanyama FOR Waters III,,,,,4,1630322,Lindy Waters III,1610612759.0,San Antonio,Spurs,SAS,4,1641705,Victor Wembanyama,1610612759.0,San Antonio,Spurs,SAS,0,0,,,,,,0,,,victor wembanyama
0012500045,296,6,1,2,9:06 PM,2:47,,,Tonje P.FOUL (P1.PN) (B.Schwab),,,5,1642910,John Tonje,1610612762.0,Utah,Jazz,UTA,4,1641705,Victor Wembanyama,1610612759.0,San Antonio,Spurs,SAS,1,0,,,,,,1,https://videos.nba.com/nba/pbp/media/2025/10/10/0012500045/296/446e9349-7b53-c32b-cf1b-ae0d9fd2e3e0_1280x720.mp4,Tonje P.FOUL (P1.PN) (B.Schwab),victor wembanyama
0012500045,301,3,11,2,9:09 PM,2:47,Wembanyama Free Throw 1 of 2 (13 PTS),,,51 - 61,10,4,1641705,Victor Wembanyama,1610612759.0,San Antonio,Spurs,SAS,0,0,,,,,,0,0,,,,,,1,https://videos.nba.com/nba/pbp/media/2025/10/10/0012500045/301/caeb739b-af42-a85b-22cd-ba7ece010c56_1280x720.mp4,Wembanyama Free Throw 1 of 2 (13 PTS),victor wembanyama
0012500045,302,3,12,2,9:10 PM,2:47,Wembanyama Free Throw 2 of 2 (14 PTS),,,51 - 62,11,4,1641705,Victor Wembanyama,1610612759.0,San Antonio,Spurs,SAS,0,0,,,,,,0,0,,,,,,1,https://videos.nba.com/nba/pbp/media/2025/10/10/0012500045/302/df778cb4-d419-f9c0-67a5-a5c4d56c9ced_1280x720.mp4,Wembanyama Free Throw 2 of 2 (14 PTS),victor wembanyama
0012500045,311,1,47,2,9:11 PM,2:19,Wembanyama 5' Turnaround Jump Shot (16 PTS),,,53 - 64,11,4,1641705,Victor Wembanyama,1610612759.0,San Antonio,Spurs,SAS,0,0,,,,,,0,0,,,,,,1,https://videos.nba.com/nba/pbp/media/2025/10/10/0012500045/311/b254c8d6-a794-6d03-015a-8dc97549df0b_1280x720.mp4,Wembanyama 5' Turnaround Jump Shot (16 PTS),victor wembanyama
0012500045,312,6,2,2,9:11 PM,2:19,,,Nurkic S.FOUL (P3.PN) (N.Cearley),,,5,203994,Jusuf Nurkić,1610612762.0,Utah,Jazz,UTA,4,1641705,Victor Wembanyama,1610612759.0,San Antonio,Spurs,SAS,1,0,,,,,,1,https://videos.nba.com/nba/pbp/media/2025/10/10/0012500045/312/c1d5180b-7f4d-7a4a-acb7-c0a0459c22c8_1280x720.mp4,Nurkic S.FOUL (P3.PN) (N.Cearley),victor wembanyama
0012500045,314,3,10,2,9:12 PM,2:19,Wembanyama Free Throw 1 of 1 (17 PTS),,,53 - 65,12,4,1641705,Victor Wembanyama,1610612759.0,San Antonio,Spurs,SAS,0,0,,,,,,0,0,,,,,,1,https://videos.nba.com/nba/pbp/media/2025/10/10/0012500045/314/3cfe1c5b-b0ed-f2ff-37e8-81013790255e_1280x720.mp4,Wembanyama Free Throw 1 of 1 (17 PTS),victor wembanyama
0012500045,317,4,0,2,9:12 PM,1:59,Wembanyama REBOUND (Off:1 Def:4),,,,,4,1641705,Victor Wembanyama,1610612759.0,San Antonio,Spurs,SAS,0,0,,,,,,0,0,,,,,,1,https://videos.nba.com/nba/pbp/media/2025/10/10/0012500045/317/6bf2f6da-cb76-76f5-cac4-2a2342023279_1280x720.mp4,Wembanyama REBOUND (Off:1 Def:4),victor wembanyama
0012500045,318,6,2,2,9:12 PM,1:55,,,Nurkic S.FOUL (P4.PN) (B.Schwab),,,5,203994,Jusuf Nurkić,1610612762.0,Utah,Jazz,UTA,4,1641705,Victor Wembanyama,1610612759.0,San Antonio,Spurs,SAS,1,0,,,,,,1,https://videos.nba.com/nba/pbp/media/2025/10/10/0012500045/318/c7d498d1-a549-9742-6dd9-b8f25ba46d79_1280x720.mp4,Nurkic S.FOUL (P4.PN) (B.Schwab),victor wembanyama
0012500045,320,3,11,2,9:13 PM,1:55,Wembanyama Free Throw 1 of 2 (18 PTS),,,53 - 66,13,4,1641705,Victor Wembanyama,1610612759.0,San Antonio,Spurs,SAS,0,0,,,,,,0,0,,,,,,1,https://videos.nba.com/nba/pbp/media/2025/10/10/0012500045/320/4a9610f8-ae94-4967-9cd9-0cac50a33a39_1280x720.mp4,Wembanyama Free Throw 1 of 2 (18 PTS),victor wembanyama
0012500045,323,3,12,2,9:13 PM,1:55,Wembanyama Free Throw 2 of 2 (19 PTS),,,53 - 67,14,4,1641705,Victor Wembanyama,1610612759.0,San Antonio,Spurs,SAS,0,0,,,,,,0,0,,,,,,1,https://videos.nba.com/nba/pbp/media/2025/10/10/0012500045/323/2dcf1d0d-4d4a-778c-a3a1-65524b09f5c0_1280x720.mp4,Wembanyama Free Throw 2 of 2 (19 PTS),victor wembanyama
0012500045,326,1,47,2,9:14 PM,1:15,Wembanyama 14' Turnaround Jump Shot (21 PTS),,,55 - 69,14,4,1641705,Victor Wembanyama,1610612759.0,San Antonio,Spurs,SAS,0,0,,,,,,0,0,,,,,,1,https://videos.nba.com/nba/pbp/media/2025/10/10/0012500045/326/dd14b540-7635-a4d9-98a5-cad2278c6275_1280x720.mp4,Wembanyama 14' Turnaround Jump Shot (21 PTS),victor wembanyama
0012500045,328,4,0,2,9:14 PM,0:48,Wembanyama REBOUND (Off:1 Def:5),,,,,4,1641705,Victor Wembanyama,1610612759.0,San Antonio,Spurs,SAS,0,0,,,,,,0,0,,,,,,1,https://videos.nba.com/nba/pbp/media/2025/10/10/0012500045/328/a7ea3e36-cb99-dd84-9fb7-afce3e84f82c_1280x720.mp4,Wembanyama REBOUND (Off:1 Def:5),victor wembanyama
0012500045,329,6,1,2,9:15 PM,0:32,,,George P.FOUL (P3.PN) (B.Schwab),,,5,1641718,Keyonte George,1610612762.0,Utah,Jazz,UTA,4,1641705,Victor Wembanyama,1610612759.0,San Antonio,Spurs,SAS,1,0,,,,,,1,https://videos.nba.com/nba/pbp/media/2025/10/10/0012500045/329/423ce1a0-5ebb-6254-218a-1f2438facd13_1280x720.mp4,George P.FOUL (P3.PN) (B.Schwab),victor wembanyama
0012500045,331,3,11,2,9:16 PM,0:32,Wembanyama Free Throw 1 of 2 (22 PTS),,,55 - 70,15,4,1641705,Victor Wembanyama,1610612759.0,San Antonio,Spurs,SAS,0,0,,,,,,0,0,,,,,,1,https://videos.nba.com/nba/pbp/media/2025/10/10/0012500045/331/7d839179-68a9-9ede-1593-ada6d3bd6375_1280x720.mp4,Wembanyama Free Throw 1 of 2 (22 PTS),victor wembanyama
0012500045,332,3,12,2,9:16 PM,0:32,MISS Wembanyama Free Throw 2 of 2,,,,,4,1641705,Victor Wembanyama,1610612759.0,San Antonio,Spurs,SAS,0,0,,,,,,0,0,,,,,,1,https://videos.nba.com/nba/pbp/media/2025/10/10/0012500045/332/860928bb-50d7-d42b-63ee-7d7da50e13e7_1280x720.mp4,MISS Wembanyama Free Throw 2 of 2,victor wembanyama
0012500045,337,4,0,2,9:16 PM,0:12,Wembanyama REBOUND (Off:1 Def:6),,,,,4,1641705,Victor Wembanyama,1610612759.0,San Antonio,Spurs,SAS,0,0,,,,,,0,0,,,,,,1,https://videos.nba.com/nba/pbp/media/2025/10/10/0012500045/337/261eb8c0-8376-8e3c-91c2-ade77b3bd8fa_1280x720.mp4,Wembanyama REBOUND (Off:1 Def:6),victor wembanyama
0012500012,7,5,2,1,8:15 AM,11:47,Thomas STEAL (1 STL),,Ighodaro Lost Ball Turnover (P1.T1),,,5,1642345,Oso Ighodaro,1610612756.0,Phoenix,Suns,PHX,4,1630560,Cam Thomas,1610612751.0,Brooklyn,Nets,BKN,0,0,,,,,,1,https://videos.nba.com/nba/pbp/media/2025/10/10/0012500012/7/d9335555-dbb5-8bf0-b3d9-73d0905a8790_1280x720.mp4,Ighodaro Lost Ball Turnover (P1.T1) Thomas STEAL (1 STL),cam thomas
0012500012,9,1,41,1,8:15 AM,11:42,Thomas 3' Running Layup (2 PTS),,,0 - 2,2,4,1630560,Cam Thomas,1610612751.0,Brooklyn,Nets,BKN,0,0,,,,,,0,0,,,,,,1,https://videos.nba.com/nba/pbp/media/2025/10/10/0012500012/9/c558c690-fdbb-c469-ad9a-5c8598a49fcf_1280x720.mp4,Thomas 3' Running Layup (2 PTS),cam thomas
0012500012,18,1,101,1,8:16 AM,10:27,Thomas 13' Driving Floating Jump Shot (4 PTS),,,0 - 6,6,4,1630560,Cam Thomas,1610612751.0,Brooklyn,Nets,BKN,0,0,,,,,,0,0,,,,,,1,https://videos.nba.com/nba/pbp/media/2025/10/10/0012500012/18/334b85c9-87bb-8227-b29f-2ee0a3fc850a_1280x720.mp4,Thomas 13' Driving Floating Jump Shot (4 PTS),cam thomas
0012500012,29,1,101,1,8:18 AM,9:35,Thomas 6' Driving Floating Jump Shot (6 PTS),,,2 - 11,9,4,1630560,Cam Thomas,1610612751.0,Brooklyn,Nets,BKN,0,0,,,,,,0,0,,,,,,1,https://videos.nba.com/nba/pbp/media/2025/10/10/0012500012/29/bbe5b80f-55f4-cc76-64db-1ff7be74eed5_1280x720.mp4,Thomas 6' Driving Floating Jump Shot (6 PTS),cam thomas
0012500012,31,4,0,1,8:19 AM,9:21,Thomas REBOUND (Off:0 Def:1),,,,,4,1630560,Cam Thomas,1610612751.0,Brooklyn,Nets,BKN,0,0,,,,,,0,0,,,,,,1,https://videos.nba.com/nba/pbp/media/2025/10/10/0012500012/31/d6dce9b2-9573-38d6-be80-1daf9b1b7eec_1280x720.mp4,Thomas REBOUND (Off:0 Def:1),cam thomas
0012500012,32,1,103,1,8:19 AM,9:18,Mann 25' 3PT Running Pull-Up Jump Shot (3 PTS) (Thomas 1 AST),,,2 - 14,12,4,1629611,Terance Mann,1610612751.0,Brooklyn,Nets,BKN,4,1630560,Cam Thomas,1610612751.0,Brooklyn,Nets,BKN,0,0,,,,,,1,https://videos.nba.com/nba/pbp/media/2025/10/10/0012500012/32/d95f7eb2-1baf-2a1e-23f0-a0d294c77e10_1280x720.mp4,Mann 25' 3PT Running Pull-Up Jump Shot (3 PTS) (Thomas 1 AST),cam thomas
0012500012,54,1,80,1,8:22 AM,7:38,Thomas 27' 3PT Step Back Jump Shot (9 PTS),,,4 - 20,16,4,1630560,Cam Thomas,1610612751.0,Brooklyn,Nets,BKN,0,0,,,,,,0,0,,,,,,1,https://videos.nba.com/nba/pbp/media/2025/10/10/0012500012/54/fffe2778-0451-75e0-609b-9c73b85551d8_1280x720.mp4,Thomas 27' 3PT Step Back Jump Shot (9 PTS),cam thomas
0012500012,66,1,102,1,8:27 AM,6:20,Thomas 12' Driving Floating Bank Jump Shot (11 PTS),,,8 - 25,17,4,1630560,Cam Thomas,1610612751.0,Brooklyn,Nets,BKN,0,0,,,,,,0,0,,,,,,1,https://videos.nba.com/nba/pbp/media/2025/10/10/0012500012/66/e5250e47-3908-49ac-c704-d337d52f0832_1280x720.mp4,Thomas 12' Driving Floating Bank Jump Shot (11 PTS),cam thomas
0012500012,67,6,2,1,8:27 AM,6:20,,,Brooks S.FOUL (P2.PN) (C.Blair),,,5,1628415,Dillon Brooks,1610612756.0,Phoenix,Suns,PHX,4,1630560,Cam Thomas,1610612751.0,Brooklyn,Nets,BKN,1,0,,,,,,1,https://videos.nba.com/nba/pbp/media/2025/10/10/0012500012/67/30c7d7aa-1e8d-07b7-f7b9-7277cd4e8b65_1280x720.mp4,Brooks S.FOUL (P2.PN) (C.Blair),cam thomas
0012500012,77,3,10,1,8:28 AM,6:20,Thomas Free Throw 1 of 1 (12 PTS),,,8 - 26,18,4,1630560,Cam Thomas,1610612751.0,Brooklyn,Nets,BKN,0,0,,,,,,0,0,,,,,,1,https://videos.nba.com/nba/pbp/media/2025/10/10/0012500012/77/c30cd7e0-9386-783f-98be-92f218db698b_1280x720.mp4,Thomas Free Throw 1 of 1 (12 PTS),cam thomas
0012500012,103,1,102,1,8:31 AM,4:53,Thomas 8' Driving Floating Bank Jump Shot (14 PTS),,,14 - 28,14,4,1630560,Cam Thomas,1610612751.0,Brooklyn,Nets,BKN,0,0,,,,,,0,0,,,,,,1,https://videos.nba.com/nba/pbp/media/2025/10/10/0012500012/103/26c65069-6e8b-8bd5-fe8f-125fa4fb32dd_1280x720.mp4,Thomas 8' Driving Floating Bank Jump Shot (14 PTS),cam thomas
0012500012,112,8,0,1,8:32 AM,4:14,SUB: Clowney FOR Thomas,,,,,4,1630560,Cam Thomas,1610612751.0,Brooklyn,Nets,BKN,4,1641730,Noah Clowney,1610612751.0,Brooklyn,Nets,BKN,0,0,,,,,,0,,,cam thomas
0012500012,192,1,102,2,8:47 AM,11:14,Clowney 11' Driving Floating Bank Jump Shot (5 PTS) (Thomas 2 AST),,,29 - 41,12,4,1641730,Noah Clowney,1610612751.0,Brooklyn,Nets,BKN,4,1630560,Cam Thomas,1610612751.0,Brooklyn,Nets,BKN,0,0,,,,,,1,https://videos.nba.com/nba/pbp/media/2025/10/10/0012500012/192/c309c629-00cd-125a-0794-c340674856a5_1280x720.mp4,Clowney 11' Driving Floating Bank Jump Shot (5 PTS) (Thomas 2 AST),cam thomas
0012500012,197,2,101,2,8:47 AM,10:38,MISS Thomas 6' Driving Floating Jump Shot,,,,,4,1630560,Cam Thomas,1610612751.0,Brooklyn,Nets,BKN,0,0,,,,,,0,0,,,,,,1,https://videos.nba.com/nba/pbp/media/2025/10/10/0012500012/197/84d21d9a-cc9a-ec8a-9b67-7a5ba61739c7_1280x720.mp4,MISS Thomas 6' Driving Floating Jump Shot,cam thomas
0012500012,208,6,2,2,8:49 AM,9:56,Thomas S.FOUL (P1.T2) (M.Dagher),,,,,4,1630560,Cam Thomas,1610612751.0,Brooklyn,Nets,BKN,5,1631221,Collin Gillespie,1610612756.0,Phoenix,Suns,PHX,1,0,,,,,,1,https://videos.nba.com/nba/pbp/media/2025/10/10/0012500012/208/4bc07e00-8452-ac78-a694-4fbbc40cf4c2_1280x720.mp4,Thomas S.FOUL (P1.T2) (M.Dagher),cam thomas
0012500012,226,1,108,2,8:51 AM,8:40,Claxton 2' Cutting Dunk Shot (5 PTS) (Thomas 3 AST),,,34 - 50,16,4,1629651,Nic Claxton,1610612751.0,Brooklyn,Nets,BKN,4,1630560,Cam Thomas,1610612751.0,Brooklyn,Nets,BKN,0,0,,,,,,1,https://videos.nba.com/nba/pbp/media/2025/10/10/0012500012/226/a543f28a-263d-3725-4c5c-0cb35d424cdf_1280x720.mp4,Claxton 2' Cutting Dunk Shot (5 PTS) (Thomas 3 AST),cam thomas
0012500012,230,2,79,2,8:52 AM,8:06,MISS Thomas 27' 3PT Pullup Jump Shot,,,,,4,1630560,Cam Thomas,1610612751.0,Brooklyn,Nets,BKN,0,0,,,,,,0,0,,,,,,1,https://videos.nba.com/nba/pbp/media/2025/10/10/0012500012/230/64ace3c2-2ad9-d521-4b6f-47c6cc5a66dd_1280x720.mp4,MISS Thomas 27' 3PT Pullup Jump Shot,cam thomas
0012500012,234,8,0,2,8:52 AM,8:01,SUB: Porter Jr. FOR Thomas,,,,,4,1630560,Cam Thomas,1610612751.0,Brooklyn,Nets,BKN,4,1629008,Michael Porter Jr.,1610612751.0,Brooklyn,Nets,BKN,0,0,,,,,,0,,,cam thomas
0012500012,294,8,0,2,9:02 AM,4:39,SUB: Thomas FOR Sharpe,,,,,4,1630549,Day'Ron Sharpe,1610612751.0,Brooklyn,Nets,BKN,4,1630560,Cam Thomas,1610612751.0,Brooklyn,Nets,BKN,0,0,,,,,,0,,,cam thomas
0012500012,303,1,79,2,9:03 AM,4:16,Porter Jr. 26' 3PT Pullup Jump Shot (11 PTS) (Thomas 4 AST),,,43 - 60,17,4,1629008,Michael Porter Jr.,1610612751.0,Brooklyn,Nets,BKN,4,1630560,Cam Thomas,1610612751.0,Brooklyn,Nets,BKN,0,0,,,,,,1,https://videos.nba.com/nba/pbp/media/2025/10/10/0012500012/303/aeda1531-41ec-876e-a383-01a2d0b86f24_1280x720.mp4,Porter Jr. 26' 3PT Pullup Jump Shot (11 PTS) (Thomas 4 AST),cam thomas
0012500012,305,6,2,2,9:03 AM,4:00,Thomas S.FOUL (P2.T3) (N.Buchert),,,,,4,1630560,Cam Thomas,1610612751.0,Brooklyn,Nets,BKN,5,1642863,Khaman Maluach,1610612756.0,Phoenix,Suns,PHX,1,0,,,,,,1,https://videos.nba.com/nba/pbp/media/2025/10/10/0012500012/305/df67e948-3036-d031-ef31-e8a6258c6711_1280x720.mp4,Thomas S.FOUL (P2.T3) (N.Buchert),cam thomas
0012500012,317,1,43,2,9:05 AM,3:06,Claxton 5' Alley Oop Layup (9 PTS) (Thomas 5 AST),,,47 - 64,17,4,1629651,Nic Claxton,1610612751.0,Brooklyn,Nets,BKN,4,1630560,Cam Thomas,1610612751.0,Brooklyn,Nets,BKN,0,0,,,,,,1,https://videos.nba.com/nba/pbp/media/2025/10/10/0012500012/317/21f4c955-3676-0855-9ec8-4ae7f1b24269_1280x720.mp4,Claxton 5' Alley Oop Layup (9 PTS) (Thomas 5 AST),cam thomas
0012500012,341,6,1,2,9:11 AM,2:24,,,Dunn P.FOUL (P3.PN) (M.Dagher),,,5,1642346,Ryan Dunn,1610612756.0,Phoenix,Suns,PHX,4,1630560,Cam Thomas,1610612751.0,Brooklyn,Nets,BKN,1,0,,,,,,1,https://videos.nba.com/nba/pbp/media/2025/10/10/0012500012/341/93cf9569-72d0-620a-1d8c-873ba5a6befe_1280x720.mp4,Dunn P.FOUL (P3.PN) (M.Dagher),cam thomas
0012500012,343,3,11,2,9:12 AM,2:24,Thomas Free Throw 1 of 2 (15 PTS),,,51 - 65,14,4,1630560,Cam Thomas,1610612751.0,Brooklyn,Nets,BKN,0,0,,,,,,0,0,,,,,,1,https://videos.nba.com/nba/pbp/media/2025/10/10/0012500012/343/76e1fdf8-3a98-1f2c-6fe5-4791f6992522_1280x720.mp4,Thomas Free Throw 1 of 2 (15 PTS),cam thomas
0012500012,344,3,12,2,9:12 AM,2:24,Thomas Free Throw 2 of 2 (16 PTS),,,51 - 66,15,4,1630560,Cam Thomas,1610612751.0,Brooklyn,Nets,BKN,0,0,,,,,,0,0,,,,,,1,https://videos.nba.com/nba/pbp/media/2025/10/10/0012500012/344/8e637632-0128-fac6-6a21-c58f1cae9319_1280x720.mp4,Thomas Free Throw 2 of 2 (16 PTS),cam thomas
0012500012,353,4,0,2,9:13 AM,1:50,Thomas REBOUND (Off:0 Def:2),,,,,4,1630560,Cam Thomas,1610612751.0,Brooklyn,Nets,BKN,0,0,,,,,,0,0,,,,,,1,https://videos.nba.com/nba/pbp/media/2025/10/10/0012500012/353/2fa18341-1195-1372-cb52-07bab7d8c105_1280x720.mp4,Thomas REBOUND (Off:0 Def:2),cam thomas
0012500012,354,2,80,2,9:13 AM,1:34,MISS Thomas 22' Step Back Jump Shot,,,,,4,1630560,Cam Thomas,1610612751.0,Brooklyn,Nets,BKN,0,0,,,,,,0,0,,,,,,1,https://videos.nba.com/nba/pbp/media/2025/10/10/0012500012/354/b1b1663c-48b4-7326-6d4d-c8b8aba41bc0_1280x720.mp4,MISS Thomas 22' Step Back Jump Shot,cam thomas
0012500012,358,6,1,2,9:14 AM,1:23,,,Maluach P.FOUL (P1.PN) (M.Dagher),,,5,1642863,Khaman Maluach,1610612756.0,Phoenix,Suns,PHX,4,1630560,Cam Thomas,1610612751.0,Brooklyn,Nets,BKN,1,0,,,,,,1,https://videos.nba.com/nba/pbp/media/2025/10/10/0012500012/358/3776253e-5e38-a6d4-af17-e653855a2053_1280x720.mp4,Maluach P.FOUL (P1.PN) (M.Dagher),cam thomas
0012500012,361,3,11,2,9:15 AM,1:23,Thomas Free Throw 1 of 2 (17 PTS),,,54 - 68,14,4,1630560,Cam Thomas,1610612751.0,Brooklyn,Nets,BKN,0,0,,,,,,0,0,,,,,,1,https://videos.nba.com/nba/pbp/media/2025/10/10/0012500012/361/7248518f-0f15-1fab-1b9b-b404afdf5355_1280x720.mp4,Thomas Free Throw 1 of 2 (17 PTS),cam thomas
0012500012,362,3,12,2,9:15 AM,1:23,Thomas Free Throw 2 of 2 (18 PTS),,,54 - 69,15,4,1630560,Cam Thomas,1610612751.0,Brooklyn,Nets,BKN,0,0,,,,,,0,0,,,,,,1,https://videos.nba.com/nba/pbp/media/2025/10/10/0012500012/362/292ae892-8b82-c794-c5e2-8848fb0441d6_1280x720.mp4,Thomas Free Throw 2 of 2 (18 PTS),cam thomas
0012500012,364,1,52,2,9:16 AM,0:51,Claxton 1' Alley Oop Dunk (11 PTS) (Thomas 6 AST),,,56 - 71,15,4,1629651,Nic Claxton,1610612751.0,Brooklyn,Nets,BKN,4,1630560,Cam Thomas,1610612751.0,Brooklyn,Nets,BKN,0,0,,,,,,1,https://videos.nba.com/nba/pbp/media/2025/10/10/0012500012/364/98b64d7d-36b7-f765-d69c-2185b224bbef_1280x720.mp4,Claxton 1' Alley Oop Dunk (11 PTS) (Thomas 6 AST),cam thomas
0012500012,369,4,0,2,9:16 AM,0:27,Thomas REBOUND (Off:0 Def:3),,,,,4,1630560,Cam Thomas,1610612751.0,Brooklyn,Nets,BKN,0,0,,,,,,0,0,,,,,,1,https://videos.nba.com/nba/pbp/media/2025/10/10/0012500012/369/fb5c9f30-8ce1-e3a2-99d2-722173cf1e5a_1280x720.mp4,Thomas REBOUND (Off:0 Def:3),cam thomas
0012500012,370,2,80,2,9:17 AM,0:05,MISS Thomas 28' 3PT Step Back Jump Shot,,,,,4,1630560,Cam Thomas,1610612751.0,Brooklyn,Nets,BKN,0,0,,,,,,0,0,,,,,,1,https://videos.nba.com/nba/pbp/media/2025/10/10/0012500012/370/682f8d8e-2bdd-10fc-ff05-c97153e46c80_1280x720.mp4,MISS Thomas 28' 3PT Step Back Jump Shot,cam thomas
0012500012,414,6,1,3,9:38 AM,8:51,,,Allen P.FOUL (P2.T2) (M.Dagher),,,5,1628960,Grayson Allen,1610612756.0,Phoenix,Suns,PHX,4,1630560,Cam Thomas,1610612751.0,Brooklyn,Nets,BKN,1,0,,,,,,1,https://videos.nba.com/nba/pbp/media/2025/10/10/0012500012/414/3c3e364f-2dd9-9b8c-b7a1-a139812e11d4_1280x720.mp4,Allen P.FOUL (P2.T2) (M.Dagher),cam thomas
0012500012,426,2,79,3,9:43 AM,8:04,MISS Thomas 16' Pullup Jump Shot,,,,,4,1630560,Cam Thomas,1610612751.0,Brooklyn,Nets,BKN,0,0,,,,,,0,0,,,,,,1,https://videos.nba.com/nba/pbp/media/2025/10/10/0012500012/426/cc5d3eda-c306-7645-d5f5-8a53538d7023_1280x720.mp4,MISS Thomas 16' Pullup Jump Shot,cam thomas
0012500012,438,1,79,3,9:45 AM,6:56,Thomas 26' 3PT Pullup Jump Shot (21 PTS),,,74 - 75,1,4,1630560,Cam Thomas,1610612751.0,Brooklyn,Nets,BKN,0,0,,,,,,0,0,,,,,,1,https://videos.nba.com/nba/pbp/media/2025/10/10/0012500012/438/c772777e-447c-e3cc-2901-2590706e163d_1280x720.mp4,Thomas 26' 3PT Pullup Jump Shot (21 PTS),cam thomas
0012500012,439,6,2,3,9:45 AM,6:56,,,Brooks S.FOUL (P3.T4) (M.Dagher),,,5,1628415,Dillon Brooks,1610612756.0,Phoenix,Suns,PHX,4,1630560,Cam Thomas,1610612751.0,Brooklyn,Nets,BKN,1,0,,,,,,1,https://videos.nba.com/nba/pbp/media/2025/10/10/0012500012/439/cdd212f6-4ccd-bd44-0bbe-42a3fd770047_1280x720.mp4,Brooks S.FOUL (P3.T4) (M.Dagher),cam thomas
0012500012,441,3,10,3,9:45 AM,6:56,Thomas Free Throw 1 of 1 (22 PTS),,,74 - 76,2,4,1630560,Cam Thomas,1610612751.0,Brooklyn,Nets,BKN,0,0,,,,,,0,0,,,,,,1,https://videos.nba.com/nba/pbp/media/2025/10/10/0012500012/441/d8b287e4-d8f1-648a-24fe-1600e8a645a1_1280x720.mp4,Thomas Free Throw 1 of 1 (22 PTS),cam thomas
0012500012,465,10,0,3,9:50 AM,5:14,Jump Ball Thomas vs. Ighodaro: Tip to Booker,,,,,4,1630560,Cam Thomas,1610612751.0,Brooklyn,Nets,BKN,5,1642345,Oso Ighodaro,1610612756.0,Phoenix,Suns,PHX,5,1626164,Devin Booker,1610612756.0,Phoenix,Suns,PHX,1,https://videos.nba.com/nba/pbp/media/2025/10/10/0012500012/465/d1ea797e-42b2-2f1d-e36f-703d8d9a17f1_1280x720.mp4,Jump Ball Thomas vs. Ighodaro: Tip to Booker,cam thomas
0012500012,468,5,2,3,9:50 AM,5:14,Thomas Lost Ball Turnover (P1.T19),,Ighodaro STEAL (1 STL),,,4,1630560,Cam Thomas,1610612751.0,Brooklyn,Nets,BKN,5,1642345,Oso Ighodaro,1610612756.0,Phoenix,Suns,PHX,0,0,,,,,,1,https://videos.nba.com/nba/pbp/media/2025/10/10/0012500012/468/c7efcf6b-53b8-de7b-43fe-167ef0ce319d_1280x720.mp4,Thomas Lost Ball Turnover (P1.T19) Ighodaro STEAL (1 STL),cam thomas
0012500012,488,8,0,3,9:52 AM,4:18,SUB: Williams FOR Thomas,,,,,4,1630560,Cam Thomas,1610612751.0,Brooklyn,Nets,BKN,4,1630533,Ziaire Williams,1610612751.0,Brooklyn,Nets,BKN,0,0,,,,,,0,,,cam thomas
0012500044,20,1,86,1,7:15 PM,10:22,,,Boucher 19' Turnaround Fadeaway (2 PTS),2 - 3,1,5,1628449,Chris Boucher,1610612738.0,Boston,Celtics,BOS,0,0,,,,,,0,0,,,,,,1,https://videos.nba.com/nba/pbp/media/2025/10/10/0012500044/20/84015a72-b311-17c2-a57f-7f2dc7a264da_1280x720.mp4,Boucher 19' Turnaround Fadeaway (2 PTS),chris boucher
0012500044,21,6,2,1,7:15 PM,10:22,Murray-Boyles S.FOUL (P1.T1) (M.Ervin),,,,,4,1642867,Collin Murray-Boyles,1610612761.0,Toronto,Raptors,TOR,5,1628449,Chris Boucher,1610612738.0,Boston,Celtics,BOS,1,0,,,,,,1,https://videos.nba.com/nba/pbp/media/2025/10/10/0012500044/21/ba2574b8-d8ce-e23c-0624-29214ff61391_1280x720.mp4,Murray-Boyles S.FOUL (P1.T1) (M.Ervin),chris boucher
0012500044,23,3,10,1,7:16 PM,10:22,,,Boucher Free Throw 1 of 1 (3 PTS),3 - 3,TIE,5,1628449,Chris Boucher,1610612738.0,Boston,Celtics,BOS,0,0,,,,,,0,0,,,,,,1,https://videos.nba.com/nba/pbp/media/2025/10/10/0012500044/23/6dd79456-800f-3262-bd11-a6827d12f3e3_1280x720.mp4,Boucher Free Throw 1 of 1 (3 PTS),chris boucher
0012500044,38,2,1,1,7:18 PM,9:09,,,MISS Boucher 3PT Jump Shot,,,5,1628449,Chris Boucher,1610612738.0,Boston,Celtics,BOS,0,0,,,,,,0,0,,,,,,1,https://videos.nba.com/nba/pbp/media/2025/10/10/0012500044/38/389c6791-c5a6-e483-2862-cc441f76ca6f_1280x720.mp4,MISS Boucher 3PT Jump Shot,chris boucher
0012500044,50,1,72,1,7:19 PM,7:49,,,Boucher Putback Layup (5 PTS),7 - 6,-1,5,1628449,Chris Boucher,1610612738.0,Boston,Celtics,BOS,0,0,,,,,,0,0,,,,,,1,https://videos.nba.com/nba/pbp/media/2025/10/10/0012500044/50/a1d41663-3143-d230-71ba-6f2eb4cf0028_1280x720.mp4,Boucher Putback Layup (5 PTS),chris boucher
0012500044,49,4,0,1,7:19 PM,7:49,,,Boucher REBOUND (Off:1 Def:0),,,5,1628449,Chris Boucher,1610612738.0,Boston,Celtics,BOS,0,0,,,,,,0,0,,,,,,1,https://videos.nba.com/nba/pbp/media/2025/10/10/0012500044/49/d73453ec-da62-6069-b13a-d8587967bf32_1280x720.mp4,Boucher REBOUND (Off:1 Def:0),chris boucher
0012500044,53,2,80,1,7:19 PM,7:23,,,MISS Boucher 3PT Step Back Jump Shot,,,5,1628449,Chris Boucher,1610612738.0,Boston,Celtics,BOS,0,0,,,,,,0,0,,,,,,1,https://videos.nba.com/nba/pbp/media/2025/10/10/0012500044/53/a8bfcbec-582a-b3d9-6665-7c99c1518190_1280x720.mp4,MISS Boucher 3PT Step Back Jump Shot,chris boucher
0012500044,97,1,1,1,7:26 PM,5:18,,,Minott 3PT Jump Shot (7 PTS) (Boucher 1 AST),17 - 12,-5,5,1631169,Josh Minott,1610612738.0,Boston,Celtics,BOS,5,1628449,Chris Boucher,1610612738.0,Boston,Celtics,BOS,0,0,,,,,,1,https://videos.nba.com/nba/pbp/media/2025/10/10/0012500044/97/facfe1b1-b8df-cdd8-debd-fdf353fa5439_1280x720.mp4,Minott 3PT Jump Shot (7 PTS) (Boucher 1 AST),chris boucher
0012500044,114,8,0,1,7:28 PM,4:07,,,SUB: Gonzalez FOR Boucher,,,5,1628449,Chris Boucher,1610612738.0,Boston,Celtics,BOS,5,1642864,Hugo González,1610612738.0,Boston,Celtics,BOS,0,0,,,,,,0,,,chris boucher
0012500044,144,8,0,1,7:33 PM,3:04,,,SUB: Boucher FOR Queta,,,5,1629674,Neemias Queta,1610612738.0,Boston,Celtics,BOS,5,1628449,Chris Boucher,1610612738.0,Boston,Celtics,BOS,0,0,,,,,,0,,,chris boucher
0012500044,156,4,0,1,7:34 PM,2:40,,,Boucher REBOUND (Off:1 Def:1),,,5,1628449,Chris Boucher,1610612738.0,Boston,Celtics,BOS,0,0,,,,,,0,0,,,,,,1,https://videos.nba.com/nba/pbp/media/2025/10/10/0012500044/156/9527c2eb-2778-3190-91ea-a903d1fbe90e_1280x720.mp4,Boucher REBOUND (Off:1 Def:1),chris boucher
0012500044,166,1,108,1,7:36 PM,1:58,,,Boucher Cutting Dunk Shot (7 PTS) (Pritchard 1 AST),25 - 19,-6,5,1628449,Chris Boucher,1610612738.0,Boston,Celtics,BOS,5,1630202,Payton Pritchard,1610612738.0,Boston,Celtics,BOS,0,0,,,,,,1,https://videos.nba.com/nba/pbp/media/2025/10/10/0012500044/166/46c7e71b-b495-8dde-acdb-8cce34c0727d_1280x720.mp4,Boucher Cutting Dunk Shot (7 PTS) (Pritchard 1 AST),chris boucher
0012500044,203,4,0,2,7:45 PM,11:32,,,Boucher REBOUND (Off:1 Def:2),,,5,1628449,Chris Boucher,1610612738.0,Boston,Celtics,BOS,0,0,,,,,,0,0,,,,,,1,https://videos.nba.com/nba/pbp/media/2025/10/10/0012500044/203/e20111ec-6629-ddf2-6777-115546b41de5_1280x720.mp4,Boucher REBOUND (Off:1 Def:2),chris boucher
0012500044,205,5,1,2,7:45 PM,11:25,Hepburn STEAL (2 STL),,Boucher Bad Pass Turnover (P1.T4),,,5,1628449,Chris Boucher,1610612738.0,Boston,Celtics,BOS,4,1642935,Chucky Hepburn,1610612761.0,Toronto,Raptors,TOR,0,0,,,,,,1,https://videos.nba.com/nba/pbp/media/2025/10/10/0012500044/205/695e2e22-6e6d-89ab-5e6f-910588e7fc6a_1280x720.mp4,Boucher Bad Pass Turnover (P1.T4) Hepburn STEAL (2 STL),chris boucher
0012500044,212,4,0,2,7:46 PM,10:32,,,Boucher REBOUND (Off:1 Def:3),,,5,1628449,Chris Boucher,1610612738.0,Boston,Celtics,BOS,0,0,,,,,,0,0,,,,,,1,https://videos.nba.com/nba/pbp/media/2025/10/10/0012500044/212/36b29bca-bf04-d0ff-34d6-d03d331c0a7a_1280x720.mp4,Boucher REBOUND (Off:1 Def:3),chris boucher
0012500044,213,5,45,2,7:46 PM,10:31,,,Boucher Out of Bounds - Bad Pass Turnover Turnover (P2.T5),,,5,1628449,Chris Boucher,1610612738.0,Boston,Celtics,BOS,0,0,,,,,,1,0,,,,,,1,https://videos.nba.com/nba/pbp/media/2025/10/10/0012500044/213/88339ad1-6ee4-2e8a-a3a4-19e9b1524a64_1280x720.mp4,Boucher Out of Bounds - Bad Pass Turnover Turnover (P2.T5),chris boucher
0012500044,218,1,97,2,7:47 PM,10:07,,,Boucher Tip Layup Shot (9 PTS),31 - 23,-8,5,1628449,Chris Boucher,1610612738.0,Boston,Celtics,BOS,0,0,,,,,,0,0,,,,,,1,https://videos.nba.com/nba/pbp/media/2025/10/10/0012500044/218/6bee7ddb-76a0-8ff4-f073-ae88b03ed5a0_1280x720.mp4,Boucher Tip Layup Shot (9 PTS),chris boucher
0012500044,217,4,0,2,7:47 PM,10:07,,,Boucher REBOUND (Off:2 Def:3),,,5,1628449,Chris Boucher,1610612738.0,Boston,Celtics,BOS,0,0,,,,,,0,0,,,,,,1,https://videos.nba.com/nba/pbp/media/2025/10/10/0012500044/217/8bca60c1-1067-e049-2c70-6b71c6306b82_1280x720.mp4,Boucher REBOUND (Off:2 Def:3),chris boucher
0012500044,220,4,0,2,7:47 PM,9:55,,,Boucher REBOUND (Off:2 Def:4),,,5,1628449,Chris Boucher,1610612738.0,Boston,Celtics,BOS,0,0,,,,,,0,0,,,,,,1,https://videos.nba.com/nba/pbp/media/2025/10/10/0012500044/220/96cd9791-776a-d3e8-1ffe-cd386b561c39_1280x720.mp4,Boucher REBOUND (Off:2 Def:4),chris boucher
0012500044,233,8,0,2,7:49 PM,9:04,,,SUB: Scheierman FOR Boucher,,,5,1628449,Chris Boucher,1610612738.0,Boston,Celtics,BOS,5,1631248,Baylor Scheierman,1610612738.0,Boston,Celtics,BOS,0,0,,,,,,0,,,chris boucher
0012500044,319,8,0,2,8:02 PM,3:33,,,SUB: Boucher FOR Pritchard,,,5,1630202,Payton Pritchard,1610612738.0,Boston,Celtics,BOS,5,1628449,Chris Boucher,1610612738.0,Boston,Celtics,BOS,0,0,,,,,,0,,,chris boucher
0012500044,331,1,1,2,8:03 PM,3:06,,,Boucher 3PT Jump Shot (12 PTS) (Scheierman 4 AST),49 - 39,-10,5,1628449,Chris Boucher,1610612738.0,Boston,Celtics,BOS,5,1631248,Baylor Scheierman,1610612738.0,Boston,Celtics,BOS,0,0,,,,,,1,https://videos.nba.com/nba/pbp/media/2025/10/10/0012500044/331/7836d80a-9e41-c787-5dae-6ed4cbcdb954_1280x720.mp4,Boucher 3PT Jump Shot (12 PTS) (Scheierman 4 AST),chris boucher
0012500044,335,1,1,2,8:04 PM,2:40,,,Boucher 26' 3PT Jump Shot (15 PTS) (Simons 1 AST),52 - 42,-10,5,1628449,Chris Boucher,1610612738.0,Boston,Celtics,BOS,5,1629014,Anfernee Simons,1610612738.0,Boston,Celtics,BOS,0,0,,,,,,1,https://videos.nba.com/nba/pbp/media/2025/10/10/0012500044/335/da13fa91-d7c2-ec2a-ddea-e4cae073c9c9_1280x720.mp4,Boucher 26' 3PT Jump Shot (15 PTS) (Simons 1 AST),chris boucher
0012500044,341,6,14,2,8:04 PM,1:54,Battle FLAGRANT.FOUL.TYPE1 (P2.PN) (K.Mulla),,,,,4,1642419,Jamison Battle,1610612761.0,Toronto,Raptors,TOR,5,1628449,Chris Boucher,1610612738.0,Boston,Celtics,BOS,1,0,,,,,,1,https://videos.nba.com/nba/pbp/media/2025/10/10/0012500044/341/718a4eed-2c0f-1d69-d8b6-1552c15ffa84_1280x720.mp4,Battle FLAGRANT.FOUL.TYPE1 (P2.PN) (K.Mulla),chris boucher
0012500044,351,3,27,2,8:08 PM,1:54,,,Boucher Free Throw Flagrant 1 of 3 (16 PTS),53 - 42,-11,5,1628449,Chris Boucher,1610612738.0,Boston,Celtics,BOS,0,0,,,,,,0,0,,,,,,1,https://videos.nba.com/nba/pbp/media/2025/10/10/0012500044/351/afb1e1bd-81bd-b4d4-57ef-e74c4030ef63_1280x720.mp4,Boucher Free Throw Flagrant 1 of 3 (16 PTS),chris boucher
0012500044,352,3,28,2,8:08 PM,1:54,,,MISS Boucher Free Throw Flagrant 2 of 3,,,5,1628449,Chris Boucher,1610612738.0,Boston,Celtics,BOS,0,0,,,,,,0,0,,,,,,1,https://videos.nba.com/nba/pbp/media/2025/10/10/0012500044/352/481a2377-6f7a-1956-20a9-5e6246441ba1_1280x720.mp4,MISS Boucher Free Throw Flagrant 2 of 3,chris boucher
0012500044,354,3,29,2,8:08 PM,1:54,,,Boucher Free Throw Flagrant 3 of 3 (17 PTS),54 - 42,-12,5,1628449,Chris Boucher,1610612738.0,Boston,Celtics,BOS,0,0,,,,,,0,0,,,,,,1,https://videos.nba.com/nba/pbp/media/2025/10/10/0012500044/354/b1fcc608-2144-ae8b-9810-5491874bfbc6_1280x720.mp4,Boucher Free Throw Flagrant 3 of 3 (17 PTS),chris boucher
0012500044,364,4,0,2,8:11 PM,1:26,,,Boucher REBOUND (Off:2 Def:5),,,5,1628449,Chris Boucher,1610612738.0,Boston,Celtics,BOS,0,0,,,,,,0,0,,,,,,1,https://videos.nba.com/nba/pbp/media/2025/10/10/0012500044/364/155c0975-9d6a-a493-d35d-c1eab5492f07_1280x720.mp4,Boucher REBOUND (Off:2 Def:5),chris boucher
0012500044,383,5,1,3,8:28 PM,11:40,Shead Bad Pass Turnover (P3.T10),,Boucher STEAL (1 STL),,,4,1642347,Jamal Shead,1610612761.0,Toronto,Raptors,TOR,5,1628449,Chris Boucher,1610612738.0,Boston,Celtics,BOS,0,0,,,,,,1,https://videos.nba.com/nba/pbp/media/2025/10/10/0012500044/383/824285b6-302e-99a3-b81c-5a29988484f7_1280x720.mp4,Shead Bad Pass Turnover (P3.T10) Boucher STEAL (1 STL),chris boucher
0012500044,385,1,50,3,8:28 PM,11:37,,,Minott 1' Running Dunk (11 PTS) (Boucher 2 AST),65 - 42,-23,5,1631169,Josh Minott,1610612738.0,Boston,Celtics,BOS,5,1628449,Chris Boucher,1610612738.0,Boston,Celtics,BOS,0,0,,,,,,1,https://videos.nba.com/nba/pbp/media/2025/10/10/0012500044/385/1b94c401-dfae-beef-5d12-1efb36305daf_1280x720.mp4,Minott 1' Running Dunk (11 PTS) (Boucher 2 AST),chris boucher
0012500044,397,6,4,3,8:33 PM,10:34,Mamukelashvili OFF.Foul (P1) (M.Ervin),,,,,4,1630572,Sandro Mamukelashvili,1610612761.0,Toronto,Raptors,TOR,5,1628449,Chris Boucher,1610612738.0,Boston,Celtics,BOS,1,0,,,,,,1,https://videos.nba.com/nba/pbp/media/2025/10/10/0012500044/397/6dbbee0f-da8d-2317-457f-18b3fef2d50b_1280x720.mp4,Mamukelashvili OFF.Foul (P1) (M.Ervin),chris boucher
0012500044,410,4,0,3,8:35 PM,9:05,,,Boucher REBOUND (Off:2 Def:6),,,5,1628449,Chris Boucher,1610612738.0,Boston,Celtics,BOS,0,0,,,,,,0,0,,,,,,1,https://videos.nba.com/nba/pbp/media/2025/10/10/0012500044/410/3d56af0f-d5d3-4e64-d41a-3782773fa726_1280x720.mp4,Boucher REBOUND (Off:2 Def:6),chris boucher
0012500044,415,6,2,3,8:36 PM,8:38,,,Boucher S.FOUL (P1.T1) (M.Ervin),,,5,1628449,Chris Boucher,1610612738.0,Boston,Celtics,BOS,4,1630572,Sandro Mamukelashvili,1610612761.0,Toronto,Raptors,TOR,1,0,,,,,,1,https://videos.nba.com/nba/pbp/media/2025/10/10/0012500044/415/7670c6d2-c873-a9a4-fce6-aeefa20eaea9_1280x720.mp4,Boucher S.FOUL (P1.T1) (M.Ervin),chris boucher
0012500044,433,2,1,3,8:38 PM,7:26,,,MISS Boucher 24' 3PT Jump Shot,,,5,1628449,Chris Boucher,1610612738.0,Boston,Celtics,BOS,0,0,,,,,,0,0,,,,,,1,https://videos.nba.com/nba/pbp/media/2025/10/10/0012500044/433/b40b201e-4541-a81e-3a9d-1f7bddf35b6c_1280x720.mp4,MISS Boucher 24' 3PT Jump Shot,chris boucher
0012500044,434,4,0,3,8:38 PM,7:24,,,Boucher REBOUND (Off:3 Def:6),,,5,1628449,Chris Boucher,1610612738.0,Boston,Celtics,BOS,0,0,,,,,,0,0,,,,,,1,https://videos.nba.com/nba/pbp/media/2025/10/10/0012500044/434/dee1deb3-391a-c122-426c-9302a15aa094_1280x720.mp4,Boucher REBOUND (Off:3 Def:6),chris boucher
0012500044,435,1,6,3,8:38 PM,7:21,,,Boucher 1' Driving Layup (19 PTS),76 - 53,-23,5,1628449,Chris Boucher,1610612738.0,Boston,Celtics,BOS,0,0,,,,,,0,0,,,,,,1,https://videos.nba.com/nba/pbp/media/2025/10/10/0012500044/435/a93c8493-24c4-ebed-256e-c8cf540d4198_1280x720.mp4,Boucher 1' Driving Layup (19 PTS),chris boucher
0012500044,453,8,0,3,8:41 PM,6:11,,,SUB: Scheierman FOR Boucher,,,5,1628449,Chris Boucher,1610612738.0,Boston,Celtics,BOS,5,1631248,Baylor Scheierman,1610612738.0,Boston,Celtics,BOS,0,0,,,,,,0,,,chris boucher
0012500045,75,8,0,1,8:24 PM,4:57,,,SUB: Clayton Jr. FOR George,,,5,1641718,Keyonte George,1610612762.0,Utah,Jazz,UTA,5,1642383,Walter Clayton Jr.,1610612762.0,Utah,Jazz,UTA,0,0,,,,,,0,,,walter clayton
0012500045,83,1,6,1,8:26 PM,4:42,,,Sensabaugh 4' Driving Layup (4 PTS) (Clayton Jr. 1 AST),18 - 15,-3,5,1641729,Brice Sensabaugh,1610612762.0,Utah,Jazz,UTA,5,1642383,Walter Clayton Jr.,1610612762.0,Utah,Jazz,UTA,0,0,,,,,,1,https://videos.nba.com/nba/pbp/media/2025/10/10/0012500045/83/f5cff186-0832-f1cb-37c2-b1e25a9fadcf_1280x720.mp4,Sensabaugh 4' Driving Layup (4 PTS) (Clayton Jr. 1 AST),walter clayton
0012500045,105,1,101,1,8:28 PM,3:02,,,Clayton Jr. 16' Driving Floating Jump Shot (2 PTS) (Anderson 3 AST),24 - 22,-2,5,1642383,Walter Clayton Jr.,1610612762.0,Utah,Jazz,UTA,5,203937,Kyle Anderson,1610612762.0,Utah,Jazz,UTA,0,0,,,,,,1,https://videos.nba.com/nba/pbp/media/2025/10/10/0012500045/105/8da73129-cd73-278f-9b40-7a48db83aa19_1280x720.mp4,Clayton Jr. 16' Driving Floating Jump Shot (2 PTS) (Anderson 3 AST),walter clayton
0012500045,145,5,1,1,8:40 PM,0:30,Vassell STEAL (1 STL),,Clayton Jr. Bad Pass Turnover (P1.T4),,,5,1642383,Walter Clayton Jr.,1610612762.0,Utah,Jazz,UTA,4,1630170,Devin Vassell,1610612759.0,San Antonio,Spurs,SAS,0,0,,,,,,1,https://videos.nba.com/nba/pbp/media/2025/10/10/0012500045/145/1caa9fe0-43af-c46b-0c09-a79753ade803_1280x720.mp4,Clayton Jr. Bad Pass Turnover (P1.T4) Vassell STEAL (1 STL),walter clayton
0012500045,165,1,79,2,8:45 PM,11:50,,,Clayton Jr. 26' 3PT Pullup Jump Shot (5 PTS),33 - 34,1,5,1642383,Walter Clayton Jr.,1610612762.0,Utah,Jazz,UTA,0,0,,,,,,0,0,,,,,,1,https://videos.nba.com/nba/pbp/media/2025/10/10/0012500045/165/e32d7a8c-a3c8-737d-17f3-f1e8d23ab694_1280x720.mp4,Clayton Jr. 26' 3PT Pullup Jump Shot (5 PTS),walter clayton
0012500045,174,1,1,2,8:46 PM,11:07,,,Bailey 24' 3PT Jump Shot (5 PTS) (Clayton Jr. 2 AST),38 - 37,-1,5,1642846,Ace Bailey,1610612762.0,Utah,Jazz,UTA,5,1642383,Walter Clayton Jr.,1610612762.0,Utah,Jazz,UTA,0,0,,,,,,1,https://videos.nba.com/nba/pbp/media/2025/10/10/0012500045/174/b24d010f-e120-3311-7d33-54baf590f4e9_1280x720.mp4,Bailey 24' 3PT Jump Shot (5 PTS) (Clayton Jr. 2 AST),walter clayton
0012500045,217,1,79,2,8:55 PM,7:41,,,Clayton Jr. 26' 3PT Pullup Jump Shot (8 PTS),47 - 45,-2,5,1642383,Walter Clayton Jr.,1610612762.0,Utah,Jazz,UTA,0,0,,,,,,0,0,,,,,,1,https://videos.nba.com/nba/pbp/media/2025/10/10/0012500045/217/0c408190-6759-d4fb-02d0-ad8c693240a3_1280x720.mp4,Clayton Jr. 26' 3PT Pullup Jump Shot (8 PTS),walter clayton
0012500045,231,2,79,2,8:57 PM,7:00,,,MISS Clayton Jr. 28' 3PT Pullup Jump Shot,,,5,1642383,Walter Clayton Jr.,1610612762.0,Utah,Jazz,UTA,0,0,,,,,,0,0,,,,,,1,https://videos.nba.com/nba/pbp/media/2025/10/10/0012500045/231/09fa0937-467b-70a4-097a-943936b21160_1280x720.mp4,MISS Clayton Jr. 28' 3PT Pullup Jump Shot,walter clayton
0012500045,244,8,0,2,8:58 PM,6:18,,,SUB: George FOR Clayton Jr.,,,5,1642383,Walter Clayton Jr.,1610612762.0,Utah,Jazz,UTA,5,1641718,Keyonte George,1610612762.0,Utah,Jazz,UTA,0,0,,,,,,0,,,walter clayton
0012500045,425,8,0,3,9:47 PM,6:04,,,SUB: Clayton Jr. FOR Hendricks,,,5,1641707,Taylor Hendricks,1610612762.0,Utah,Jazz,UTA,5,1642383,Walter Clayton Jr.,1610612762.0,Utah,Jazz,UTA,0,0,,,,,,0,,,walter clayton
0012500045,430,2,103,3,9:47 PM,5:45,,,MISS Clayton Jr. 3PT Running Pull-Up Jump Shot,,,5,1642383,Walter Clayton Jr.,1610612762.0,Utah,Jazz,UTA,0,0,,,,,,0,0,,,,,,1,https://videos.nba.com/nba/pbp/media/2025/10/10/0012500045/430/9dddc051-19e9-4269-94d0-e119a5076a7a_1280x720.mp4,MISS Clayton Jr. 3PT Running Pull-Up Jump Shot,walter clayton
0012500045,437,1,1,3,9:48 PM,5:19,,,Williams 24' 3PT Jump Shot (6 PTS) (Clayton Jr. 3 AST),72 - 83,11,5,1642262,Cody Williams,1610612762.0,Utah,Jazz,UTA,5,1642383,Walter Clayton Jr.,1610612762.0,Utah,Jazz,UTA,0,0,,,,,,1,https://videos.nba.com/nba/pbp/media/2025/10/10/0012500045/437/ed8cd0af-8b5a-b245-4d1e-9b1244c89037_1280x720.mp4,Williams 24' 3PT Jump Shot (6 PTS) (Clayton Jr. 3 AST),walter clayton
0012500045,450,6,1,3,9:49 PM,4:35,Umude P.FOUL (P1.PN) (N.Cearley),,,,,4,1630649,Stanley Umude,1610612759.0,San Antonio,Spurs,SAS,5,1642383,Walter Clayton Jr.,1610612762.0,Utah,Jazz,UTA,1,0,,,,,,1,https://videos.nba.com/nba/pbp/media/2025/10/10/0012500045/450/d8e95432-2d40-8dd0-08ac-8dd8a53ccdee_1280x720.mp4,Umude P.FOUL (P1.PN) (N.Cearley),walter clayton
0012500045,452,3,11,3,9:50 PM,4:35,,,Clayton Jr. Free Throw 1 of 2 (9 PTS),76 - 83,7,5,1642383,Walter Clayton Jr.,1610612762.0,Utah,Jazz,UTA,0,0,,,,,,0,0,,,,,,1,https://videos.nba.com/nba/pbp/media/2025/10/10/0012500045/452/77514155-cc2f-ebe8-be64-5847ac87da48_1280x720.mp4,Clayton Jr. Free Throw 1 of 2 (9 PTS),walter clayton
0012500045,453,3,12,3,9:50 PM,4:35,,,Clayton Jr. Free Throw 2 of 2 (10 PTS),77 - 83,6,5,1642383,Walter Clayton Jr.,1610612762.0,Utah,Jazz,UTA,0,0,,,,,,0,0,,,,,,0,,,walter clayton
0012500045,470,2,79,3,9:52 PM,3:22,,,MISS Clayton Jr. 25' 3PT Pullup Jump Shot,,,5,1642383,Walter Clayton Jr.,1610612762.0,Utah,Jazz,UTA,0,0,,,,,,0,0,,,,,,1,https://videos.nba.com/nba/pbp/media/2025/10/10/0012500045/470/f189e48a-9418-f53b-5641-007ac901f222_1280x720.mp4,MISS Clayton Jr. 25' 3PT Pullup Jump Shot,walter clayton
0012500045,489,6,1,3,9:59 PM,2:32,Ingram P.FOUL (P1.PN) (R.Acosta),,,,,4,1631127,Harrison Ingram,1610612759.0,San Antonio,Spurs,SAS,5,1642383,Walter Clayton Jr.,1610612762.0,Utah,Jazz,UTA,1,0,,,,,,1,https://videos.nba.com/nba/pbp/media/2025/10/10/0012500045/489/a3fae451-b399-d3e8-386a-ac1418cc3430_1280x720.mp4,Ingram P.FOUL (P1.PN) (R.Acosta),walter clayton
0012500045,491,3,11,3,9:59 PM,2:32,,,Clayton Jr. Free Throw 1 of 2 (11 PTS),80 - 90,10,5,1642383,Walter Clayton Jr.,1610612762.0,Utah,Jazz,UTA,0,0,,,,,,0,0,,,,,,1,https://videos.nba.com/nba/pbp/media/2025/10/10/0012500045/491/e4d765b4-e76a-262e-f7d9-56c567a14b62_1280x720.mp4,Clayton Jr. Free Throw 1 of 2 (11 PTS),walter clayton
0012500045,494,3,12,3,9:59 PM,2:32,,,Clayton Jr. Free Throw 2 of 2 (12 PTS),81 - 90,9,5,1642383,Walter Clayton Jr.,1610612762.0,Utah,Jazz,UTA,0,0,,,,,,0,0,,,,,,1,https://videos.nba.com/nba/pbp/media/2025/10/10/0012500045/494/aeb0a296-238d-b9b5-937d-b8740c3438b7_1280x720.mp4,Clayton Jr. Free Throw 2 of 2 (12 PTS),walter clayton
0012500045,517,1,1,3,10:03 PM,0:32,,,Love 27' 3PT Jump Shot (8 PTS) (Clayton Jr. 4 AST),90 - 93,3,5,201567,Kevin Love,1610612762.0,Utah,Jazz,UTA,5,1642383,Walter Clayton Jr.,1610612762.0,Utah,Jazz,UTA,0,0,,,,,,1,https://videos.nba.com/nba/pbp/media/2025/10/10/0012500045/517/5e6ee850-708a-cc82-384c-d45dc1274e08_1280x720.mp4,Love 27' 3PT Jump Shot (8 PTS) (Clayton Jr. 4 AST),walter clayton
0012500045,521,2,79,3,10:04 PM,0:01,,,MISS Clayton Jr. 25' 3PT Pullup Jump Shot,,,5,1642383,Walter Clayton Jr.,1610612762.0,Utah,Jazz,UTA,0,0,,,,,,0,0,,,,,,1,https://videos.nba.com/nba/pbp/media/2025/10/10/0012500045/521/afb103c0-a61e-8572-869a-37e4b54ea293_1280x720.mp4,MISS Clayton Jr. 25' 3PT Pullup Jump Shot,walter clayton
0012500045,540,5,1,4,10:08 PM,11:45,Jones Garcia Bad Pass Turnover (P2.T11),,Clayton Jr. STEAL (1 STL),,,4,1642357,David Jones Garcia,1610612759.0,San Antonio,Spurs,SAS,5,1642383,Walter Clayton Jr.,1610612762.0,Utah,Jazz,UTA,0,0,,,,,,1,https://videos.nba.com/nba/pbp/media/2025/10/10/0012500045/540/69478a13-6d45-e873-9915-6b02d57cf881_1280x720.mp4,Jones Garcia Bad Pass Turnover (P2.T11) Clayton Jr. STEAL (1 STL),walter clayton
0012500045,542,6,2,4,10:08 PM,11:44,Umude S.FOUL (P2.T1) (B.Schwab),,,,,4,1630649,Stanley Umude,1610612759.0,San Antonio,Spurs,SAS,5,1642383,Walter Clayton Jr.,1610612762.0,Utah,Jazz,UTA,1,0,,,,,,1,https://videos.nba.com/nba/pbp/media/2025/10/10/0012500045/542/781b0b57-6002-e32d-c44a-460fb7383f03_1280x720.mp4,Umude S.FOUL (P2.T1) (B.Schwab),walter clayton
0012500045,544,3,11,4,10:08 PM,11:44,,,Clayton Jr. Free Throw 1 of 2 (13 PTS),91 - 95,4,5,1642383,Walter Clayton Jr.,1610612762.0,Utah,Jazz,UTA,0,0,,,,,,0,0,,,,,,1,https://videos.nba.com/nba/pbp/media/2025/10/10/0012500045/544/3376d0ca-b741-27da-ddb2-4c148acf500a_1280x720.mp4,Clayton Jr. Free Throw 1 of 2 (13 PTS),walter clayton
0012500045,545,3,12,4,10:08 PM,11:44,,,Clayton Jr. Free Throw 2 of 2 (14 PTS),92 - 95,3,5,1642383,Walter Clayton Jr.,1610612762.0,Utah,Jazz,UTA,0,0,,,,,,0,0,,,,,,1,https://videos.nba.com/nba/pbp/media/2025/10/10/0012500045/545/85baa4d6-f18a-d15e-575c-1e0c107eab0e_1280x720.mp4,Clayton Jr. Free Throw 2 of 2 (14 PTS),walter clayton
0012500045,561,4,0,4,10:11 PM,10:11,,,Clayton Jr. REBOUND (Off:0 Def:1),,,5,1642383,Walter Clayton Jr.,1610612762.0,Utah,Jazz,UTA,0,0,,,,,,0,0,,,,,,1,https://videos.nba.com/nba/pbp/media/2025/10/10/0012500045/561/38b8e35a-b018-0c39-f36c-3380921bf18b_1280x720.mp4,Clayton Jr. REBOUND (Off:0 Def:1),walter clayton
0012500045,572,4,0,4,10:13 PM,9:36,,,Clayton Jr. REBOUND (Off:0 Def:2),,,5,1642383,Walter Clayton Jr.,1610612762.0,Utah,Jazz,UTA,0,0,,,,,,0,0,,,,,,1,https://videos.nba.com/nba/pbp/media/2025/10/10/0012500045/572/9a521db1-92c8-00fd-7a5b-7e51ab916ed2_1280x720.mp4,Clayton Jr. REBOUND (Off:0 Def:2),walter clayton
0012500045,573,5,45,4,10:13 PM,9:29,,,Clayton Jr. Out of Bounds - Bad Pass Turnover Turnover (P2.T10),,,5,1642383,Walter Clayton Jr.,1610612762.0,Utah,Jazz,UTA,0,0,,,,,,1,0,,,,,,1,https://videos.nba.com/nba/pbp/media/2025/10/10/0012500045/573/32e09a9b-ecda-4ca6-cb1a-f9da9bca9593_1280x720.mp4,Clayton Jr. Out of Bounds - Bad Pass Turnover Turnover (P2.T10),walter clayton
0012500045,594,4,0,4,10:16 PM,7:43,,,Clayton Jr. REBOUND (Off:0 Def:3),,,5,1642383,Walter Clayton Jr.,1610612762.0,Utah,Jazz,UTA,0,0,,,,,,0,0,,,,,,1,https://videos.nba.com/nba/pbp/media/2025/10/10/0012500045/594/63157623-6aef-ae14-8d22-13968aa78191_1280x720.mp4,Clayton Jr. REBOUND (Off:0 Def:3),walter clayton
0012500045,623,1,9,4,10:23 PM,5:33,,,Hendricks 4' Driving Dunk (13 PTS) (Clayton Jr. 5 AST),108 - 103,-5,5,1641707,Taylor Hendricks,1610612762.0,Utah,Jazz,UTA,5,1642383,Walter Clayton Jr.,1610612762.0,Utah,Jazz,UTA,0,0,,,,,,1,https://videos.nba.com/nba/pbp/media/2025/10/10/0012500045/623/cf11e82d-6212-18cc-df45-711155046962_1280x720.mp4,Hendricks 4' Driving Dunk (13 PTS) (Clayton Jr. 5 AST),walter clayton
0012500045,631,4,0,4,10:27 PM,5:07,,,Clayton Jr. REBOUND (Off:0 Def:4),,,5,1642383,Walter Clayton Jr.,1610612762.0,Utah,Jazz,UTA,0,0,,,,,,0,0,,,,,,1,https://videos.nba.com/nba/pbp/media/2025/10/10/0012500045/631/dbcd3927-1024-47b0-b7be-70fd3ff871fa_1280x720.mp4,Clayton Jr. REBOUND (Off:0 Def:4),walter clayton
0012500045,632,1,41,4,10:27 PM,5:03,,,Clayton Jr. 1' Running Layup (16 PTS),110 - 103,-7,5,1642383,Walter Clayton Jr.,1610612762.0,Utah,Jazz,UTA,0,0,,,,,,0,0,,,,,,1,https://videos.nba.com/nba/pbp/media/2025/10/10/0012500045/632/bede16df-d4c3-f84a-f2ce-8be7730cb36e_1280x720.mp4,Clayton Jr. 1' Running Layup (16 PTS),walter clayton
0012500045,669,1,50,4,10:33 PM,0:26,,,Clayton Jr. 2' Running Dunk (18 PTS) (George 7 AST),119 - 117,-2,5,1642383,Walter Clayton Jr.,1610612762.0,Utah,Jazz,UTA,5,1641718,Keyonte George,1610612762.0,Utah,Jazz,UTA,0,0,,,,,,1,https://videos.nba.com/nba/pbp/media/2025/10/10/0012500045/669/1efdb478-5518-0e7f-190e-82a4a890fa28_1280x720.mp4,Clayton Jr. 2' Running Dunk (18 PTS) (George 7 AST),walter clayton
0012500045,695,4,0,5,10:42 PM,4:39,,,Clayton Jr. REBOUND (Off:0 Def:5),,,5,1642383,Walter Clayton Jr.,1610612762.0,Utah,Jazz,UTA,0,0,,,,,,0,0,,,,,,1,https://videos.nba.com/nba/pbp/media/2025/10/10/0012500045/695/2a0d41cb-c7e1-5015-19ce-79178b837eff_1280x720.mp4,Clayton Jr. REBOUND (Off:0 Def:5),walter clayton
0012500045,706,1,41,5,10:44 PM,3:33,,,Clayton Jr. 3' Running Layup (20 PTS),124 - 124,TIE,5,1642383,Walter Clayton Jr.,1610612762.0,Utah,Jazz,UTA,0,0,,,,,,0,0,,,,,,1,https://videos.nba.com/nba/pbp/media/2025/10/10/0012500045/706/eb565680-e2ef-f5b6-f46c-a74b34b0bfd9_1280x720.mp4,Clayton Jr. 3' Running Layup (20 PTS),walter clayton
0012500045,713,2,6,5,10:46 PM,2:20,Biyombo BLOCK (1 BLK),,MISS Clayton Jr. 3' Driving Layup,,,5,1642383,Walter Clayton Jr.,1610612762.0,Utah,Jazz,UTA,0,0,,,,,,4,202687,Bismack Biyombo,1610612759.0,San Antonio,Spurs,SAS,1,https://videos.nba.com/nba/pbp/media/2025/10/10/0012500045/713/b5413e7b-187c-8d39-6a84-23b65fdc96e5_1280x720.mp4,MISS Clayton Jr. 3' Driving Layup Biyombo BLOCK (1 BLK),walter clayton
0012500045,718,2,79,5,10:47 PM,1:42,,,MISS Clayton Jr. 30' 3PT Pullup Jump Shot,,,5,1642383,Walter Clayton Jr.,1610612762.0,Utah,Jazz,UTA,0,0,,,,,,0,0,,,,,,1,https://videos.nba.com/nba/pbp/media/2025/10/10/0012500045/718/eacc3c87-e90a-33e2-4593-b14c233b0120_1280x720.mp4,MISS Clayton Jr. 30' 3PT Pullup Jump Shot,walter clayton
